DateTime,Latitude,Longitude,Depth,Magnitude,MagType,NbStations,Gap,Distance,RMS,Source,EventID
1963/03/07 12:16:26.30,-44.2000,-75.4000,33.00,5.60,Mb,32,,,0.00,NEI,1963030740
1963/03/10 10:51:46.70,-30.0000,-71.2000,60.00,5.80,Mb,45,,,0.00,NEI,1963031040
1963/05/07 16:23:11.80,-22.1000,-68.7000,112.00,5.70,Mb,51,,,0.00,NEI,1963050740
1963/05/19 01:03:06.20,-46.3000,-74.8000,48.00,6.30,Mb,82,,,0.00,NEI,1963051940
1963/12/03 23:03:41.60,-22.4000,-69.3000,18.00,6.10,Mb,37,,,0.00,NEI,1963120340
1963/12/29 17:15:39.20,-18.5000,-69.7000,113.00,5.50,Mb,41,,,0.00,NEI,1963122940
1964/01/26 09:09:33.90,-16.3000,-71.7000,116.00,6.10,Mb,77,,,0.00,NEI,1964012640
1964/07/25 19:31:07.00,-27.9000,-70.9000,26.00,6.10,Mb,38,,,0.00,NEI,1964072540
1964/08/05 22:23:13.00,-41.1000,-74.9000,33.00,6.10,Mb,49,,,0.00,NEI,1964080540
1964/08/18 04:44:58.00,-26.4000,-71.5000,8.00,6.40,Mb,26,,,0.00,NEI,1964081840
1964/11/18 05:01:41.40,-31.2000,-67.6000,8.00,5.60,Mb,39,,,0.00,NEI,1964111840
1965/01/31 12:57:29.10,-21.2000,-67.8000,71.00,5.60,Mb,29,,,0.00,NEI,1965013140
1965/02/23 22:11:50.20,-25.7000,-70.5000,80.00,7.00,Unk,72,,,0.00,NEI,1965022340
1965/03/22 03:05:33.30,-23.8000,-66.7000,176.00,5.50,Mb,31,,,0.00,NEI,1965032240
1965/03/22 22:56:26.50,-31.9000,-71.5000,46.00,6.00,Mb,33,,,0.00,NEI,1965032240
1965/03/28 16:33:14.60,-32.4000,-71.2000,61.00,7.13,Unk,16,,,0.00,NEI,1965032840
1965/05/02 05:47:43.90,-19.8000,-69.5000,117.00,5.50,Mb,12,,,0.00,NEI,1965050240
1965/05/03 01:09:31.50,-32.5000,-70.6000,77.00,5.60,Mb,35,,,0.00,NEI,1965050340
1965/05/03 16:09:09.00,-24.2000,-67.8000,114.00,5.60,Mb,21,,,0.00,NEI,1965050340
1965/05/07 23:56:11.60,-22.2000,-68.5000,84.00,5.50,Mb,32,,,0.00,NEI,1965050740
1965/06/12 18:50:11.70,-20.5000,-69.3000,102.00,5.80,Mb,76,,,0.00,NEI,1965061240
1965/07/12 13:57:14.80,-28.4000,-68.3000,118.00,5.70,Mb,48,,,0.00,NEI,1965071240
1965/07/30 05:45:16.10,-18.1000,-70.8000,72.00,6.00,Mb,57,,,0.00,NEI,1965073040
1965/08/20 09:42:48.70,-18.9000,-69.0000,128.00,6.20,Mb,98,,,0.00,NEI,1965082040
1965/10/03 16:14:56.30,-42.9000,-75.2000,31.00,6.10,Mb,81,,,0.00,NEI,1965100340
1965/10/23 06:53:29.40,-29.5000,-71.8000,8.00,5.60,Mb,54,,,0.00,NEI,1965102340
1965/10/26 12:15:07.50,-24.5000,-70.2000,52.00,5.50,Mb,48,,,0.00,NEI,1965102640
1965/11/13 17:59:40.40,-29.3000,-68.1000,34.00,6.00,Mb,77,,,0.00,NEI,1965111340
1965/11/28 03:56:45.70,-45.7000,-72.6000,33.00,5.80,Mb,52,,,0.00,NEI,1965112840
1965/12/30 06:16:04.10,-16.6000,-71.1000,112.00,5.70,Mb,79,,,0.00,NEI,1965123040
1966/01/15 19:29:36.10,-33.5000,-69.8000,50.00,5.50,Mb,34,,,0.00,NEI,1966011540
1966/02/28 21:38:52.80,-26.0000,-70.4000,68.00,5.70,Mb,57,,,0.00,NEI,1966022840
1966/03/08 20:46:11.40,-20.0000,-68.9000,112.00,5.70,Mb,77,,,0.00,NEI,1966030840
1966/04/10 16:36:14.90,-31.5000,-71.0000,63.00,5.60,Mb,88,,,0.00,NEI,1966041040
1966/04/12 23:37:38.70,-38.2000,-73.1000,20.00,5.70,Mb,81,,,0.00,NEI,1966041240
1966/04/13 03:35:16.70,-38.1000,-73.1000,39.00,5.80,Mb,71,,,0.00,NEI,1966041340
1966/04/22 03:06:32.30,-37.8000,-73.4000,16.00,5.50,Mb,60,,,0.00,NEI,1966042240
1966/06/16 20:32:25.20,-21.9000,-67.2000,190.00,5.50,Mb,35,,,0.00,NEI,1966061640
1966/07/27 04:48:59.80,-24.1000,-70.3000,35.00,5.50,Mb,102,,,0.00,NEI,1966072740
1966/08/24 07:17:17.60,-19.9000,-69.1000,100.00,5.50,Mb,80,,,0.00,NEI,1966082440
1966/11/10 03:02:32.70,-31.9000,-68.4000,113.00,6.00,Mb,72,,,0.00,NEI,1966111040
1966/11/12 11:50:30.60,-23.9000,-67.7000,118.00,5.60,Mb,94,,,0.00,NEI,1966111240
1966/11/14 12:58:37.90,-18.4000,-69.4000,132.00,5.50,Mb,52,,,0.00,NEI,1966111440
1966/11/26 02:18:17.50,-25.6000,-70.7000,54.00,5.60,Mb,84,,,0.00,NEI,1966112640
1966/12/28 08:18:06.10,-25.5000,-70.7000,32.00,7.75,Unk,181,,,0.00,NEI,1966122840
1967/02/12 14:08:13.80,-21.7040,-70.2470,27.00,5.50,Mb,83,,,0.00,NEI,1967021240
1967/03/13 16:06:54.40,-40.1170,-74.6270,36.00,5.90,Mb,107,,,0.00,NEI,1967031340
1967/04/25 10:36:13.10,-32.8000,-68.9720,28.00,5.70,Mb,87,,,0.00,NEI,1967042540
1967/05/11 15:05:18.40,-20.2580,-68.6910,79.00,6.10,Mb,166,,,0.00,NEI,1967051140
1967/06/10 05:26:44.40,-41.3000,-73.6000,37.00,5.70,Mb,57,,,0.00,NEI,1967061040
1967/06/21 20:09:28.40,-25.2000,-70.5000,23.00,5.70,Mb,53,,,0.00,NEI,1967062140
1967/08/20 15:03:36.20,-25.2000,-69.0000,109.00,5.60,Mb,78,,,0.00,NEI,1967082040
1967/09/08 08:59:59.30,-23.4000,-70.7000,33.00,5.50,Mb,52,,,0.00,NEI,1967090840
1967/09/26 11:11:23.70,-33.6000,-70.5000,84.00,5.80,Mb,40,,,0.00,NEI,1967092640
1967/11/15 21:31:51.50,-28.7000,-71.2000,15.00,6.20,Mb,54,,,0.00,NEI,1967111540
1967/12/21 02:25:21.60,-21.8000,-70.0000,33.00,6.30,Mb,95,,,0.00,NEI,1967122140
1967/12/25 10:41:31.60,-21.5000,-70.4000,53.00,5.80,Mb,64,,,0.00,NEI,1967122540
1967/12/27 09:17:55.70,-21.2000,-68.3000,135.00,6.40,Mb,122,,,0.00,NEI,1967122740
1968/01/06 23:27:21.20,-27.8000,-71.1000,33.00,5.80,Mb,87,,,0.00,NEI,1968010640
1968/01/13 16:07:04.20,-24.2000,-66.9000,192.00,5.70,Mb,96,,,0.00,NEI,1968011340
1968/01/19 14:39:37.80,-42.6000,-75.2000,22.00,5.50,Mb,53,,,0.00,NEI,1968011940
1968/02/06 11:19:23.10,-28.5000,-71.0000,23.00,5.70,Mb,69,,,0.00,NEI,1968020640
1968/03/22 01:55:43.50,-20.4000,-69.0000,96.00,5.50,Mb,39,,,0.00,NEI,1968032240
1968/04/21 09:24:35.50,-23.4000,-70.5000,41.00,5.50,Mb,42,,,0.00,NEI,1968042140
1968/04/30 23:51:17.90,-38.4000,-71.1000,40.00,5.90,Mb,90,,,0.00,NEI,1968043040
1968/06/19 19:58:01.90,-43.9470,-75.1070,24.00,5.70,Mb,60,,,0.00,NEI,1968061940
1968/09/11 18:26:36.80,-43.0080,-75.2170,31.00,5.70,Mb,61,,,0.00,NEI,1968091140
1968/09/22 21:52:59.20,-24.1310,-66.9120,194.00,5.50,Mb,65,,,0.00,NEI,1968092240
1968/10/08 14:53:38.50,-23.3490,-66.5420,221.00,5.60,Mb,78,,,0.00,NEI,1968100840
1968/10/31 09:15:46.90,-16.2890,-73.2980,67.00,5.70,Mb,39,,,0.00,NEI,1968103140
1969/01/13 06:36:37.00,-37.1470,-73.5980,33.00,5.60,Ms,29,,,0.00,NEI,1969011340
1969/04/26 05:58:49.00,-30.5780,-71.3690,23.00,6.00,Ms,78,,,0.00,NEI,1969042640
1969/04/26 06:02:49.00,-30.6450,-71.5420,33.00,6.30,Ms,55,,,0.00,NEI,1969042640
1969/05/05 13:52:39.60,-30.7860,-71.7630,38.00,5.50,Ms,48,,,0.00,NEI,1969050540
1969/07/19 04:54:54.10,-17.2540,-72.5190,54.00,5.90,Mb,98,,,0.00,NEI,1969071940
1969/09/02 03:47:09.10,-27.7450,-66.4910,174.00,5.50,Mb,51,,,0.00,NEI,1969090240
1969/09/21 02:00:54.30,-23.5520,-68.0800,120.00,5.50,Mb,71,,,0.00,NEI,1969092140
1969/11/13 07:51:29.50,-27.7880,-71.6470,33.00,6.00,Ms,91,,,0.00,NEI,1969111340
1969/12/13 21:33:21.90,-32.7080,-69.9720,105.00,5.60,Mb,50,,,0.00,NEI,1969121340
1970/03/15 12:39:17.80,-29.6530,-69.4990,119.00,6.00,Mb,118,,,0.00,NEI,1970031540
1970/06/11 06:02:54.90,-24.5270,-68.4990,112.00,6.30,Mb,110,,,0.00,NEI,1970061140
1970/06/14 00:00:11.30,-51.9540,-73.8490,33.00,6.60,Ms,85,,,0.00,NEI,1970061440
1970/06/14 00:12:24.70,-52.0460,-74.1660,33.00,5.70,Mb,24,,,0.00,NEI,1970061440
1970/06/19 10:56:14.80,-22.1930,-70.5150,52.00,6.20,Mb,98,,,0.00,NEI,1970061940
1970/07/12 08:06:21.20,-23.3900,-68.3380,101.00,5.50,Mb,53,,,0.00,NEI,1970071240
1970/09/14 15:36:51.30,-33.9700,-72.1700,31.00,5.60,Mb,59,,,0.00,NEI,1970091440
1970/09/19 06:37:27.70,-33.5000,-71.8530,21.00,5.60,Ms,70,,,0.00,NEI,1970091940
1970/11/13 00:08:59.90,-22.1250,-69.9990,36.00,5.60,Mb,66,,,0.00,NEI,1970111340
1970/11/28 11:08:42.50,-20.9210,-69.8300,33.00,6.00,Mb,126,,,0.00,NEI,1970112840
1970/11/28 14:45:31.70,-20.9240,-69.8720,34.00,5.90,Mb,128,,,0.00,NEI,1970112840
1970/12/04 17:08:48.70,-23.1320,-70.1140,36.00,6.30,Ms,82,,,0.00,NEI,1970120440
1970/12/08 19:30:06.70,-30.7040,-71.2090,50.00,6.40,Ms,84,,,0.00,NEI,1970120840
1970/12/22 15:19:36.60,-20.5320,-68.6100,115.00,5.50,Mb,72,,,0.00,NEI,1970122240
1970/12/30 06:08:39.40,-24.0030,-69.3040,82.00,5.50,Mb,52,,,0.00,NEI,1970123040
1971/01/21 13:23:11.10,-17.0620,-69.2310,183.00,5.50,Mb,87,,,0.00,NEI,1971012140
1971/02/05 20:52:32.80,-28.1790,-70.6160,55.00,5.80,Mb,49,,,0.00,NEI,1971020540
1971/02/18 07:47:30.10,-36.7750,-73.2090,31.00,5.60,Mb,67,,,0.00,NEI,1971021840
1971/02/21 10:35:20.10,-23.8450,-67.1590,169.00,6.30,Mb,171,,,0.00,NEI,1971022140
1971/04/07 15:10:38.00,-32.5740,-69.0770,122.00,5.70,Mb,53,,,0.00,NEI,1971040740
1971/04/20 14:12:46.80,-21.7640,-68.9550,93.00,5.70,Mb,117,,,0.00,NEI,1971042040
1971/05/08 00:49:45.60,-42.2230,-71.6900,151.00,5.90,Mb,87,,,0.00,NEI,1971050840
1971/05/18 06:12:36.70,-28.4320,-68.8120,95.00,5.80,Mb,106,,,0.00,NEI,1971051840
1971/06/17 21:00:40.90,-25.4780,-69.1530,93.00,6.30,Mb,145,,,0.00,NEI,1971061740
1971/06/29 06:01:23.10,-24.1350,-68.5780,82.00,5.50,Mb,88,,,0.00,NEI,1971062940
1971/07/09 03:03:18.70,-32.5360,-71.1540,58.00,6.60,Mb,123,,,0.00,NEI,1971070940
1971/07/11 09:51:37.70,-32.2670,-71.8070,36.00,6.30,Ms,79,,,0.00,NEI,1971071140
1971/07/31 22:08:48.00,-32.3620,-71.5330,46.00,5.50,Mb,59,,,0.00,NEI,1971073140
1971/08/14 15:00:25.10,-21.7750,-67.2300,189.00,5.70,Mb,66,,,0.00,NEI,1971081440
1971/08/21 12:47:44.90,-21.7740,-70.2110,17.00,5.80,Mb,50,,,0.00,NEI,1971082140
1971/09/24 04:32:55.00,-16.3690,-73.6910,28.00,5.60,Ms,60,,,0.00,NEI,1971092440
1971/09/25 13:05:59.60,-32.4390,-72.9750,33.00,5.50,Mb,58,,,0.00,NEI,1971092540
1971/09/28 23:16:01.80,-32.0250,-69.9670,110.00,5.60,Mb,84,,,0.00,NEI,1971092840
1971/10/13 22:36:01.80,-21.6700,-68.1790,92.00,5.80,Mb,79,,,0.00,NEI,1971101340
1971/11/28 11:12:00.90,-29.8390,-69.4850,105.00,5.90,Mb,74,,,0.00,NEI,1971112840
1971/12/08 16:05:23.20,-22.9120,-70.7570,18.00,6.10,Ms,66,,,0.00,NEI,1971120840
1972/01/13 04:09:19.90,-32.3190,-70.9340,80.00,5.50,Mb,46,,,0.00,NEI,1972011340
1972/02/09 20:44:36.40,-51.7970,-73.9900,33.00,5.80,Ms,38,,,0.00,NEI,1972020940
1972/02/15 21:18:21.20,-17.5120,-71.1940,71.00,5.70,Mb,101,,,0.00,NEI,1972021540
1972/03/01 21:39:44.10,-24.7850,-70.0400,61.00,5.50,Mb,44,,,0.00,NEI,1972030140
1972/03/30 11:00:20.10,-29.8340,-71.3900,72.00,5.60,Mb,56,,,0.00,NEI,1972033040
1972/05/13 15:19:35.90,-32.7330,-71.5830,38.00,5.70,Mb,42,,,0.00,NEI,1972051340
1972/05/15 10:09:40.00,-29.6630,-69.4800,39.00,5.60,Mb,47,,,0.00,NEI,1972051540
1972/06/08 18:53:41.70,-30.4580,-71.7990,39.00,6.60,Ms,56,,,0.00,NEI,1972060840
1972/06/08 19:22:09.50,-30.5060,-71.7870,57.00,5.50,Mb,34,,,0.00,NEI,1972060840
1972/08/13 11:47:48.00,-51.8490,-73.9060,33.00,5.60,Mb,36,,,0.00,NEI,1972081340
1972/09/26 21:05:44.40,-30.9130,-68.1020,16.00,5.90,Mb,65,,,0.00,NEI,1972092640
1972/10/02 20:35:45.90,-33.8970,-70.8260,81.00,5.50,Mb,49,,,0.00,NEI,1972100240
1972/10/10 22:42:18.50,-20.0960,-68.7300,127.00,5.50,Mb,55,,,0.00,NEI,1972101040
1972/11/07 05:35:21.20,-28.7970,-67.1860,137.00,5.50,Mb,58,,,0.00,NEI,1972110740
1972/12/29 04:51:01.60,-30.5560,-71.0210,60.00,6.00,Mb,55,,,0.00,NEI,1972122940
1973/02/01 05:14:20.60,-22.6550,-66.1950,229.00,6.10,Mb,112,,,0.00,NEI,1973020140
1973/03/20 16:17:30.70,-23.1750,-66.2930,203.00,5.60,Mb,66,,,0.00,NEI,1973032040
1973/03/26 11:04:19.00,-28.0490,-68.9420,117.00,5.70,Mb,108,,,0.00,NEI,1973032640
1973/04/07 22:50:54.50,-20.6660,-69.1870,95.00,5.60,Mb,67,,,0.00,NEI,1973040740
1973/07/06 09:27:30.70,-27.2350,-71.1420,34.00,5.60,Ms,41,,,0.00,NEI,1973070640
1973/07/10 23:26:43.90,-27.0370,-71.0400,33.00,5.50,Mb,25,,,0.00,NEI,1973071040
1973/07/12 13:45:30.30,-27.0750,-71.2250,20.00,5.50,Mb,50,,,0.00,NEI,1973071240
1973/07/18 15:21:23.00,-18.3500,-69.1960,151.00,5.70,Mb,58,,,0.00,NEI,1973071840
1973/07/24 20:03:35.30,-30.5260,-71.6010,60.00,5.60,Mb,108,,,0.00,NEI,1973072440
1973/07/28 22:18:14.90,-16.0630,-71.3120,110.00,5.70,Mb,111,,,0.00,NEI,1973072840
1973/07/31 05:41:04.00,-37.6500,-73.3790,32.00,5.50,Ms,54,,,0.00,NEI,1973073140
1973/07/31 10:51:13.20,-27.1180,-71.5140,33.00,6.30,Ms,96,,,0.00,NEI,1973073140
1973/08/01 15:44:25.50,-26.8250,-70.9990,16.00,5.70,Mb,55,,,0.00,NEI,1973080140
1973/08/05 00:49:58.30,-22.8120,-70.2220,43.00,5.50,Mb,47,,,0.00,NEI,1973080540
1973/08/07 03:41:25.60,-26.7810,-70.8790,25.00,6.10,Ms,77,,,0.00,NEI,1973080740
1973/08/07 10:04:26.50,-26.7350,-70.8960,34.00,5.90,Ms,61,,,0.00,NEI,1973080740
1973/08/07 14:22:45.40,-26.8290,-70.9190,14.00,6.30,Ms,75,,,0.00,NEI,1973080740
1973/08/14 01:57:00.50,-26.6280,-70.8200,29.00,5.70,Mb,52,,,0.00,NEI,1973081440
1973/10/05 05:45:27.30,-32.9870,-71.9160,14.00,6.50,Ms,98,,,0.00,NEI,1973100540
1973/10/05 05:47:51.10,-32.5180,-71.4780,33.00,6.70,Ms,20,,,0.00,NEI,1973100540
1973/10/05 07:07:33.80,-32.9370,-71.8770,24.00,5.60,Mb,77,,,0.00,NEI,1973100540
1973/11/03 14:17:41.80,-26.0750,-67.7700,36.00,5.90,Mb,89,,,0.00,NEI,1973110340
1973/11/19 18:40:05.20,-28.4630,-70.8530,58.00,5.70,Mb,61,,,0.00,NEI,1973111940
1973/12/01 17:00:56.20,-35.5880,-74.4810,35.00,5.90,Ms,56,,,0.00,NEI,1973120140
1973/12/29 07:19:25.80,-23.2230,-68.3350,124.00,5.50,Mb,33,,,0.00,NEI,1973122940
1974/01/02 10:42:29.90,-22.5380,-68.3970,105.00,6.40,Mb,126,,,0.00,NEI,1974010240
1974/01/07 16:35:57.80,-26.8890,-65.7040,33.00,5.80,Mb,73,,,0.00,NEI,1974010740
1974/02/20 03:02:53.50,-30.0430,-68.5900,115.00,5.50,Mb,56,,,0.00,NEI,1974022040
1974/04/02 19:36:42.00,-30.7900,-65.1920,166.00,5.50,Mb,70,,,0.00,NEI,1974040240
1974/04/26 06:12:20.00,-24.5350,-68.8600,97.00,5.50,Mb,70,,,0.00,NEI,1974042640
1974/05/12 10:05:55.40,-19.5610,-69.0460,112.00,5.80,Mb,129,,,0.00,NEI,1974051240
1974/08/14 17:56:47.00,-32.7430,-69.0150,132.00,5.60,Mb,47,,,0.00,NEI,1974081440
1974/08/15 18:27:29.70,-35.2250,-71.0020,96.00,5.60,Mb,51,,,0.00,NEI,1974081540
1974/08/18 10:44:12.80,-38.4530,-73.4310,36.00,7.10,Ms,74,,,0.00,NEI,1974081840
1974/08/27 15:20:49.80,-27.9330,-66.6670,147.00,5.50,Mb,68,,,0.00,NEI,1974082740
1974/09/16 00:38:15.30,-23.9350,-65.5470,280.00,5.60,Mb,114,,,0.00,NEI,1974091640
1974/11/12 05:59:51.30,-33.1540,-70.6230,90.00,5.50,Mb,80,,,0.00,NEI,1974111240
1974/11/29 22:27:26.80,-27.7230,-66.6770,126.00,5.50,Mb,62,,,0.00,NEI,1974112940
1974/12/29 17:20:47.20,-32.9960,-69.9940,99.00,5.50,Mb,53,,,0.00,NEI,1974122940
1975/01/22 10:46:14.30,-28.3420,-67.5430,136.00,5.50,Mb,53,,,0.00,NEI,1975012240
1975/02/23 03:53:35.90,-21.7270,-71.3560,33.00,5.60,Mb,97,,,0.00,NEI,1975022340
1975/02/26 20:14:59.60,-19.7950,-69.2710,82.00,5.70,Mb,94,,,0.00,NEI,1975022640
1975/03/13 15:26:42.50,-29.9410,-71.3370,4.00,6.90,Ms,97,,,0.00,NEI,1975031340
1975/03/25 06:41:33.00,-27.9590,-66.6590,178.00,5.90,Mb,114,,,0.00,NEI,1975032540
1975/05/10 14:27:38.70,-38.1830,-73.2320,6.00,7.70,Ms,132,,,0.00,NEI,1975051040
1975/05/28 13:57:34.50,-37.9260,-73.4170,24.00,5.80,Mb,96,,,0.00,NEI,1975052840
1975/06/05 20:29:36.40,-16.3420,-69.0980,182.00,5.60,Mb,139,,,0.00,NEI,1975060540
1975/06/14 10:40:20.70,-32.4940,-70.6830,94.00,5.70,Mb,105,,,0.00,NEI,1975061440
1975/06/24 00:39:47.40,-20.6110,-70.1150,33.00,5.60,Mb,36,,,0.00,NEI,1975062440
1975/07/12 06:47:37.50,-17.1740,-69.3540,156.00,5.50,Mb,121,,,0.00,NEI,1975071240
1975/08/10 10:25:43.30,-22.6480,-66.5890,166.00,6.20,Mb,170,,,0.00,NEI,1975081040
1975/08/25 21:42:10.80,-19.2360,-69.1620,119.00,5.70,Mb,146,,,0.00,NEI,1975082540
1975/10/10 13:13:09.40,-25.0920,-68.0730,96.00,5.50,Mb,57,,,0.00,NEI,1975101040
1975/10/28 06:54:22.40,-22.8620,-70.5080,38.00,6.30,Ms,147,,,0.00,NEI,1975102840
1975/12/29 03:39:43.00,-56.7720,-68.4780,14.00,6.50,Ms,81,,,0.00,NEI,1975122940
1976/01/06 23:54:22.20,-17.9160,-69.4820,76.00,5.60,Mb,80,,,0.00,NEI,1976010640
1976/02/05 09:53:11.70,-21.7020,-68.2220,98.00,5.80,Mb,63,,,0.00,NEI,1976020540
1976/02/27 03:36:13.60,-19.4810,-69.0650,103.00,5.50,Mb,139,,,0.00,NEI,1976022740
1976/02/28 16:27:09.00,-39.9990,-74.7270,9.00,6.00,Mb,104,,,0.00,NEI,1976022840
1976/04/08 00:31:53.10,-28.0910,-70.7520,52.00,5.50,Mb,58,,,0.00,NEI,1976040840
1976/04/18 19:40:20.50,-25.8370,-68.7740,113.00,5.60,Mb,107,,,0.00,NEI,1976041840
1976/04/24 11:05:15.70,-28.5010,-70.3060,94.00,5.50,Mb,77,,,0.00,NEI,1976042440
1976/05/05 16:37:09.10,-21.7250,-68.1630,73.00,5.60,Mb,74,,,0.00,NEI,1976050540
1976/05/07 18:27:39.30,-28.0410,-71.3220,33.00,5.50,Ms,61,,,0.00,NEI,1976050740
1976/05/30 03:08:54.20,-41.6370,-75.4110,28.00,6.00,Mb,163,,,0.00,NEI,1976053040
1976/08/20 06:54:11.30,-20.4120,-69.9930,81.00,5.60,Mb,143,,,0.00,NEI,1976082040
1976/08/24 21:26:12.20,-25.3260,-70.6940,8.00,5.60,Mb,165,,,0.00,NEI,1976082440
1976/09/06 23:58:02.20,-21.3270,-66.3010,188.00,5.50,Mb,12,,,0.00,NEI,1976090640
1976/09/12 03:51:23.90,-24.1200,-66.7660,173.00,5.60,Mb,22,,,0.00,NEI,1976091240
1976/11/30 00:40:57.80,-20.5200,-68.9190,82.00,6.50,Mb,269,,,0.00,NEI,1976113040
1976/11/30 17:08:40.90,-19.9470,-69.2100,69.00,5.50,Mb,15,,,0.00,NEI,1976113040
1976/12/04 12:32:29.60,-20.3810,-68.5310,72.00,5.60,Mb,98,,,0.00,NEI,1976120440
1976/12/17 20:23:06.20,-20.9120,-68.4560,57.00,5.60,Mb,111,,,0.00,NEI,1976121740
1976/12/24 08:56:15.20,-45.5510,-74.8880,33.00,5.60,Ms,22,,,0.00,NEI,1976122440
1976/12/28 13:51:56.90,-21.1440,-68.5880,89.00,5.80,Mb,185,,,0.00,NEI,1976122840
1977/01/17 21:27:12.60,-24.8480,-68.6740,33.00,6.30,Mb,187,,,0.00,NEI,1977011740
1977/06/05 02:46:05.90,-23.8650,-70.1550,32.00,5.60,Mb,111,,,0.00,NEI,1977060540
1977/11/23 09:26:24.70,-31.0280,-67.7670,13.00,7.40,Ms,255,,,0.00,NEI,1977112340
1977/11/23 09:34:58.30,-31.1780,-66.9570,33.00,6.00,Mb,36,,,0.00,NEI,1977112340
1977/11/23 11:08:41.20,-31.2470,-67.7380,20.00,5.60,Mb,67,,,0.00,NEI,1977112340
1977/11/23 11:58:09.80,-31.0210,-67.8200,22.00,5.90,Mb,88,,,0.00,NEI,1977112340
1977/11/23 13:05:02.50,-31.0670,-67.7240,27.00,5.60,Mb,99,,,0.00,NEI,1977112340
1977/11/23 16:36:01.30,-31.3410,-67.7430,13.00,5.70,Mb,116,,,0.00,NEI,1977112340
1977/11/23 23:27:37.50,-31.5560,-67.6950,33.00,5.50,Mb,83,,,0.00,NEI,1977112340
1977/11/24 01:57:32.00,-31.5110,-67.6340,33.00,5.80,Ms,143,,,0.00,NEI,1977112440
1977/11/24 01:58:33.40,-31.4710,-67.6280,33.00,6.00,Ms,43,,,0.00,NEI,1977112440
1977/11/24 02:02:31.00,-31.6150,-67.5730,23.00,6.30,Ms,90,,,0.00,NEI,1977112440
1977/11/24 18:20:16.70,-31.3040,-67.6310,33.00,5.70,Mb,86,,,0.00,NEI,1977112440
1977/11/24 18:42:41.20,-31.4670,-67.8760,33.00,5.70,Mb,85,,,0.00,NEI,1977112440
1977/11/25 00:04:30.40,-31.0680,-67.6660,33.00,5.50,Mb,69,,,0.00,NEI,1977112540
1977/11/28 04:19:35.80,-31.6810,-67.7540,36.00,5.50,Mb,130,,,0.00,NEI,1977112840
1977/11/28 06:31:29.30,-31.3540,-67.4310,16.00,5.80,Ms,183,,,0.00,NEI,1977112840
1977/11/28 18:40:17.00,-32.0320,-69.0840,86.00,5.50,Mb,91,,,0.00,NEI,1977112840
1977/12/05 15:43:27.90,-30.9680,-67.7000,32.00,5.60,Ms,55,,,0.00,NEI,1977120540
1977/12/06 08:41:39.30,-31.0590,-67.7060,35.00,5.60,Mb,60,,,0.00,NEI,1977120640
1977/12/06 17:05:06.40,-31.1680,-67.7180,19.00,5.90,Ms,103,,,0.00,NEI,1977120640
1977/12/10 07:11:56.00,-31.1870,-67.6390,39.00,5.60,Mb,43,,,0.00,NEI,1977121040
1977/12/21 03:47:32.50,-31.5240,-67.5960,33.00,5.70,Mb,82,,,0.00,NEI,1977122140
1978/01/02 08:27:40.50,-38.1370,-71.0960,126.00,5.50,Mb,67,,,0.00,NEI,1978010240
1978/01/04 13:19:20.90,-25.5620,-70.9700,24.00,5.60,Mb,14,,,0.00,NEI,1978010440
1978/01/17 11:33:14.30,-31.2870,-67.8670,24.00,5.80,Mb,120,,,0.00,NEI,1978011740
1978/01/20 04:42:57.90,-34.2780,-70.1900,132.00,5.70,Mb,119,,,0.00,NEI,1978012040
1978/01/24 13:18:15.70,-31.6950,-68.8760,19.00,5.70,Mb,134,,,0.00,NEI,1978012440
1978/02/17 06:43:30.40,-28.5700,-71.0210,55.00,5.70,Mb,54,,,0.00,NEI,1978021740
1978/04/04 19:33:51.40,-31.1800,-67.5970,10.00,5.50,Mb,79,,,0.00,NEI,1978040440
1978/04/15 13:49:32.30,-16.4700,-73.5140,50.00,5.50,Ms,112,,,0.00,NEI,1978041540
1978/08/03 18:11:17.10,-26.5130,-70.5440,58.00,6.30,Mb,190,,,0.00,NEI,1978080340
1978/08/21 00:28:22.70,-31.2710,-67.7730,10.00,5.60,Mb,139,,,0.00,NEI,1978082140
1978/10/27 10:06:46.10,-21.9060,-65.7920,280.00,5.60,Mb,223,,,0.00,NEI,1978102740
1978/12/21 01:13:55.00,-36.2860,-72.4630,47.00,5.70,Mb,170,,,0.00,NEI,1978122140
1979/02/11 17:56:25.80,-20.8550,-68.6290,77.00,5.50,Mb,10,,,0.00,NEI,1979021140
1979/02/16 10:08:53.40,-16.3900,-72.6580,53.00,6.90,Ms,328,,,0.00,NEI,1979021640
1979/02/16 22:18:20.00,-16.5000,-72.6560,52.00,5.50,Mb,171,,,0.00,NEI,1979021640
1979/03/11 06:06:41.00,-22.3010,-69.0220,61.00,5.50,Mb,59,,,0.00,NEI,1979031140
1979/03/20 21:41:21.20,-35.6810,-71.1460,91.00,5.50,Mb,120,,,0.00,NEI,1979032040
1979/04/26 02:00:09.60,-33.8210,-71.9010,38.00,5.80,Ms,163,,,0.00,NEI,1979042640
1979/04/28 11:38:17.70,-27.4620,-70.9530,23.00,6.10,Ms,184,,,0.00,NEI,1979042840
1979/05/04 17:21:35.10,-21.5600,-68.2840,81.00,5.60,Mb,121,,,0.00,NEI,1979050440
1979/05/14 23:04:02.60,-22.8090,-69.1250,85.00,5.90,Mb,261,,,0.00,NEI,1979051440
1979/05/20 19:37:45.20,-27.1490,-71.0470,33.00,5.60,Ms,142,,,0.00,NEI,1979052040
1979/05/22 08:33:35.80,-22.8130,-69.1360,58.00,5.50,Mb,148,,,0.00,NEI,1979052240
1979/05/28 14:59:19.10,-24.6040,-70.2620,63.00,5.80,Mb,246,,,0.00,NEI,1979052840
1979/06/06 10:54:26.30,-52.8380,-75.0980,33.00,5.50,Mb,92,,,0.00,NEI,1979060640
1979/06/27 21:46:25.40,-29.4820,-68.2750,115.00,5.60,Mb,161,,,0.00,NEI,1979062740
1979/07/06 02:01:16.10,-32.1490,-71.3210,45.00,5.70,Mb,140,,,0.00,NEI,1979070640
1979/11/22 02:41:16.70,-24.3440,-67.3850,169.00,5.80,Mb,220,,,0.00,NEI,1979112240
1979/11/27 17:37:25.00,-31.3760,-67.8810,10.00,5.80,Mb,38,,,0.00,NEI,1979112740
1979/12/26 19:43:37.80,-36.0030,-71.3410,92.00,5.60,Mb,103,,,0.00,NEI,1979122640
1980/01/14 21:51:01.80,-33.1940,-69.4590,14.00,5.60,Mb,80,,,0.00,NEI,1980011440
1980/03/07 08:25:07.80,-16.6890,-72.9520,43.00,5.90,Ms,96,,,0.00,NEI,1980030740
1980/03/23 23:33:10.60,-29.9520,-71.5390,36.00,5.60,Mb,81,,,0.00,NEI,1980032340
1980/03/29 06:41:50.50,-43.0790,-75.2040,33.00,5.90,Ms,114,,,0.00,NEI,1980032940
1980/04/09 08:17:55.10,-31.6540,-67.4760,10.00,5.50,Mb,85,,,0.00,NEI,1980040940
1980/05/26 18:41:42.90,-19.3640,-69.2380,114.00,6.10,Mb,222,,,0.00,NEI,1980052641
1980/06/11 14:21:18.90,-32.7230,-71.6450,35.00,5.50,Ms,132,,,0.00,NEI,1980061140
1980/06/16 05:45:06.90,-22.0290,-68.4590,87.00,5.50,Mb,121,,,0.00,NEI,1980061640
1980/07/13 06:20:30.30,-33.4740,-70.1510,103.00,5.60,Mb,105,,,0.00,NEI,1980071340
1980/07/19 11:52:20.60,-28.9970,-69.6750,110.00,6.10,Mb,180,,,0.00,NEI,1980071940
1980/11/10 16:24:40.50,-31.5760,-67.4680,21.00,5.70,Mb,78,,,0.00,NEI,1980111040
1980/12/11 18:15:03.50,-21.2720,-68.1530,80.00,6.10,Mb,195,,,0.00,NEI,1980121140
1981/01/07 16:26:42.50,-23.7540,-70.6220,37.00,5.50,Mb,69,,,0.00,NEI,1981010740
1981/03/23 19:28:10.70,-33.6610,-71.8920,46.00,6.20,Ms,162,,,0.00,NEI,1981032340
1981/03/26 18:04:44.70,-19.3700,-68.9570,138.00,5.80,Mb,239,,,0.00,NEI,1981032640
1981/05/09 09:50:40.70,-26.5810,-64.9110,50.00,5.50,Mb,59,,,0.00,NEI,1981050940
1981/07/28 03:03:21.62,-41.5740,-73.2040,43.00,5.50,Mb,78,,,1.21,NEI,1981072840
1981/09/19 11:40:56.92,-39.0810,-74.8080,30.00,5.60,Mb,89,,,0.96,NEI,1981091940
1981/10/16 03:25:42.22,-33.1340,-73.0740,33.00,6.20,Mb,161,,,0.84,NEI,1981101640
1981/11/07 03:29:51.09,-32.1990,-71.3360,65.20,6.20,Mb,238,,,0.98,NEI,1981110740
1982/01/28 14:26:15.55,-27.3830,-71.7820,33.00,6.10,Mb,10,,,0.83,NEI,1982012840
1982/02/10 20:38:01.02,-22.6480,-66.4660,196.20,5.90,Mb,251,,,1.10,NEI,1982021040
1982/05/03 07:26:02.52,-23.4670,-68.8140,107.00,5.50,Mb,144,,,1.07,NEI,1982050340
1982/06/01 04:14:15.43,-41.5480,-75.1060,33.00,6.10,Ms,220,,,1.05,NEI,1982060140
1982/09/03 20:14:30.30,-23.8590,-66.6050,182.50,5.50,Mb,201,,,0.85,NEI,1982090340
1982/10/26 03:24:30.97,-29.6830,-71.3670,71.00,5.50,Mb,121,,,1.13,NEI,1982102640
1982/11/18 20:39:51.45,-31.2070,-65.8350,161.00,5.60,Mb,190,,,1.10,NEI,1982111840
1982/12/31 03:47:28.51,-20.9930,-68.4640,118.00,5.70,Mb,190,,,0.93,NEI,1982123140
1983/01/01 05:31:56.13,-16.9430,-69.1140,172.00,6.20,Unk,250,,,1.00,NEI,1983010140
1983/01/10 09:17:34.71,-22.0060,-68.4700,121.00,5.60,Mb,183,,,1.25,NEI,1983011040
1983/01/27 19:01:35.30,-24.1050,-66.9600,188.00,5.60,Mb,146,,,1.09,NEI,1983012740
1983/02/25 22:49:54.73,-18.2680,-69.4380,146.00,5.90,Mb,281,,,1.14,NEI,1983022540
1983/04/02 05:58:35.00,-28.5290,-66.6000,39.00,5.50,Mb,128,,,1.06,NEI,1983040240
1983/05/09 10:58:25.40,-40.9300,-74.9090,23.00,5.90,Mb,190,,,1.09,NEI,1983050940
1983/05/23 00:54:11.88,-19.0650,-69.1390,110.00,5.50,Mb,170,,,1.02,NEI,1983052340
1983/07/21 07:11:33.83,-22.1930,-68.4510,126.10,5.50,Mb,142,,,1.03,NEI,1983072140
1983/08/01 14:09:23.55,-48.2840,-75.8480,33.00,5.60,Mb,102,,,0.93,NEI,1983080140
1983/09/01 20:01:47.08,-17.3300,-69.9320,105.30,6.00,Mb,247,,,0.97,NEI,1983090140
1983/10/04 18:52:13.30,-26.5350,-70.5630,14.80,7.30,Ms,285,,,1.17,NEI,1983100440
1983/10/04 19:26:58.05,-26.3390,-70.6540,31.20,5.70,Mb,111,,,1.12,NEI,1983100440
1983/10/06 15:01:48.40,-26.7240,-70.9080,19.70,5.50,Mb,38,,,1.17,NEI,1983100640
1983/10/09 11:25:40.58,-26.1350,-70.5180,16.10,5.90,Mb,249,,,1.10,NEI,1983100940
1983/10/16 09:59:46.55,-23.6810,-70.1290,65.60,5.70,Mb,171,,,1.11,NEI,1983101640
1983/10/21 08:14:18.10,-30.7730,-69.1940,116.70,5.50,Mb,141,,,1.00,NEI,1983102140
1983/11/28 19:10:08.05,-44.8700,-75.9350,26.00,5.60,Mb,103,,,1.15,NEI,1983112840
1983/12/15 04:22:33.46,-33.0990,-70.1200,100.10,5.90,Mb,216,,,0.87,NEI,1983121540
1983/12/31 00:44:42.57,-26.0510,-70.0770,55.10,5.50,Mb,45,,,1.15,NEI,1983123140
1984/01/01 22:08:14.15,-22.8100,-66.1600,272.10,5.50,Mb,206,,,1.40,NEI,1984010140
1984/02/03 08:29:49.35,-29.4980,-71.2600,46.40,5.60,Mb,130,,,1.01,NEI,1984020340
1984/02/26 08:18:19.84,-17.3160,-70.5260,113.10,5.80,Mb,295,,,1.04,NEI,1984022640
1984/04/19 08:28:53.43,-31.7640,-71.8040,32.50,5.50,Mb,157,,,1.04,NEI,1984041940
1984/05/07 14:09:16.21,-27.8890,-66.8660,170.20,5.50,Mb,59,,,1.24,NEI,1984050740
1984/05/09 23:56:08.94,-34.1710,-70.2910,113.20,5.50,Mb,163,,,1.04,NEI,1984050940
1984/05/25 13:20:23.88,-42.6470,-75.2330,31.40,5.50,Mb,91,,,1.22,NEI,1984052540
1984/06/11 02:05:34.08,-30.7070,-71.1790,46.30,6.30,Mb,270,,,1.01,NEI,1984061140
1984/06/20 19:56:46.60,-24.1010,-66.9650,195.90,5.50,Mb,165,,,1.09,NEI,1984062040
1984/07/24 04:49:45.56,-25.7300,-70.4780,34.10,5.60,Mb,176,,,1.09,NEI,1984072440
1984/08/12 11:51:41.82,-24.1860,-69.1790,100.60,5.60,Mb,163,,,1.08,NEI,1984081240
1984/10/20 17:59:17.03,-24.0720,-66.8320,192.00,6.00,Mb,219,,,1.01,NEI,1984102040
1984/11/08 14:17:46.94,-31.3780,-68.6590,108.60,5.50,Mb,114,,,0.96,NEI,1984110840
1984/11/17 00:27:54.31,-23.2690,-67.9620,114.00,5.50,Mb,125,,,1.13,NEI,1984111740
1984/12/11 23:22:19.35,-22.4070,-68.5990,91.50,5.70,Mb,245,,,1.08,NEI,1984121140
1984/12/31 13:00:32.19,-22.9860,-66.8770,174.30,5.60,Mb,132,,,1.04,NEI,1984123140
1985/01/18 15:00:09.08,-29.3740,-70.7930,83.20,6.00,Unk,224,,,1.22,NEI,1985011840
1985/01/26 03:06:57.89,-33.0530,-68.4670,5.00,6.00,Mb,225,,,0.96,NEI,1985012640
1985/02/14 08:30:56.69,-24.0680,-67.8810,138.80,5.60,Mb,201,,,1.08,NEI,1985021440
1985/03/03 22:46:56.84,-33.1070,-71.7370,33.00,5.50,Mb,118,,,1.06,NEI,1985030340
1985/03/03 22:47:07.28,-33.1350,-71.8710,33.00,7.80,Ms,146,,,1.04,NEI,1985030340
1985/03/03 23:38:31.43,-32.7380,-71.2150,33.00,6.40,Ms,127,,,1.33,NEI,1985030340
1985/03/04 00:11:45.41,-32.9350,-71.4770,33.00,5.90,Mb,77,,,1.02,NEI,1985030440
1985/03/04 00:27:45.83,-33.1410,-71.6270,29.00,5.50,Mb,36,,,0.77,NEI,1985030440
1985/03/04 00:32:21.87,-33.2070,-71.6630,33.00,6.00,Mb,111,,,0.99,NEI,1985030440
1985/03/04 03:17:54.48,-34.1150,-71.9050,33.00,5.80,Mb,119,,,1.10,NEI,1985030440
1985/03/04 03:32:49.14,-32.9250,-71.7930,33.00,5.70,Mb,111,,,1.07,NEI,1985030440
1985/03/04 06:06:56.84,-33.8250,-71.9300,33.00,5.60,Mb,130,,,0.82,NEI,1985030440
1985/03/04 06:10:29.33,-33.2230,-71.9180,33.00,5.60,Mb,54,,,1.03,NEI,1985030440
1985/03/04 06:17:51.46,-33.1420,-71.9970,33.00,5.50,Mb,61,,,1.07,NEI,1985030440
1985/03/04 15:01:07.09,-33.8420,-71.2490,40.10,6.00,Mb,259,,,0.96,NEI,1985030440
1985/03/04 19:03:06.84,-32.8780,-71.8180,33.00,5.60,Mb,123,,,1.20,NEI,1985030440
1985/03/17 10:41:38.48,-32.6330,-71.5510,33.00,5.90,Mb,267,,,1.22,NEI,1985031740
1985/03/19 04:01:08.00,-33.1980,-71.6530,42.20,6.60,Ms,235,,,1.24,NEI,1985031940
1985/03/23 13:45:22.51,-34.2070,-72.0200,57.00,5.50,Mb,139,,,1.06,NEI,1985032340
1985/03/23 14:36:59.54,-33.2490,-72.2010,52.60,5.60,Mb,137,,,1.02,NEI,1985032340
1985/03/24 16:16:32.50,-34.3320,-72.2620,26.20,5.50,Mb,126,,,1.13,NEI,1985032440
1985/03/25 05:14:35.14,-34.2540,-72.1850,45.00,6.00,Mb,253,,,1.06,NEI,1985032540
1985/04/03 13:06:20.26,-32.5840,-71.6560,33.00,5.80,Mb,198,,,1.03,NEI,1985040340
1985/04/09 01:56:59.48,-34.1310,-71.6180,37.80,7.20,Ms,356,,,1.11,NEI,1985040940
1985/04/28 08:30:29.05,-39.7280,-75.6640,10.00,6.10,Mb,215,,,1.11,NEI,1985042840
1985/05/18 16:59:13.87,-19.0000,-69.0530,109.80,5.70,Unk,243,,,1.01,NEI,1985051840
1985/05/19 18:09:15.60,-30.2530,-71.3290,39.10,5.90,Mb,286,,,1.03,NEI,1985051940
1985/06/02 16:26:58.48,-37.7280,-73.6530,33.00,5.50,Mb,133,,,1.13,NEI,1985060240
1985/06/10 15:37:00.99,-27.9580,-66.9950,151.40,5.80,Mb,281,,,1.10,NEI,1985061040
1985/06/14 13:14:14.89,-40.7670,-74.9530,33.00,5.50,Mb,106,,,0.96,NEI,1985061440
1985/06/23 06:55:24.23,-24.0320,-67.0760,180.60,5.60,Mb,199,,,1.08,NEI,1985062340
1985/07/07 11:25:11.75,-32.9510,-72.0720,31.40,5.50,Mb,174,,,1.02,NEI,1985070740
1985/08/04 04:54:02.54,-44.8850,-75.6790,27.60,5.60,Mb,107,,,1.28,NEI,1985080440
1985/08/12 00:04:51.45,-38.3780,-73.4950,33.00,5.60,Mb,151,,,1.20,NEI,1985081240
1985/08/23 16:35:10.22,-24.0800,-66.8300,194.80,5.50,Mb,199,,,0.94,NEI,1985082340
1985/09/26 08:33:27.18,-33.6230,-71.5980,47.00,5.60,Mb,122,,,1.13,NEI,1985092640
1985/10/08 09:47:24.83,-22.8250,-66.3110,242.10,5.50,Mb,212,,,0.89,NEI,1985100840
1985/10/24 01:48:55.95,-31.3860,-68.6050,109.70,5.70,Mb,208,,,1.07,NEI,1985102440
1985/12/25 15:43:56.23,-23.9820,-66.7110,187.10,5.50,Mb,89,,,1.22,NEI,1985122540
1986/01/26 07:48:23.52,-27.0670,-70.9130,31.30,5.70,Mb,192,,,1.11,NEI,1986012640
1986/02/20 09:16:02.55,-21.1220,-70.1160,33.00,5.70,Mb,156,,,1.26,NEI,1986022040
1986/03/15 11:29:44.38,-18.9090,-67.3910,243.10,6.00,Unk,245,,,1.03,NEI,1986031540
1986/04/30 14:09:39.85,-18.0360,-69.4530,105.80,5.50,Mb,193,,,0.90,NEI,1986043040
1986/05/09 16:23:48.73,-17.1210,-65.5890,12.60,5.60,Mb,253,,,1.18,NEI,1986050940
1986/09/05 06:06:15.58,-37.0730,-71.8140,92.60,5.60,Mb,133,,,0.96,NEI,1986090540
1986/10/24 02:42:51.60,-25.3190,-70.1760,50.50,5.60,Mb,130,,,1.12,NEI,1986102440
1987/01/14 12:44:50.89,-32.6240,-67.2520,158.30,5.50,Mb,137,,,1.00,NEI,1987011440
1987/02/03 16:42:41.32,-37.7500,-72.8930,31.90,5.80,Mb,180,,,0.91,NEI,1987020340
1987/03/05 09:17:05.28,-24.3880,-70.1610,62.30,7.30,Ms,303,,,1.21,NEI,1987030540
1987/03/05 09:51:53.44,-24.4320,-70.2160,43.00,5.60,Mb,158,,,0.95,NEI,1987030540
1987/03/05 09:56:08.59,-24.4630,-70.4660,48.20,5.60,Mb,120,,,0.93,NEI,1987030540
1987/03/05 10:55:12.35,-24.4950,-70.7010,34.80,5.70,Mb,183,,,1.23,NEI,1987030540
1987/03/06 07:06:44.04,-24.0890,-70.1040,41.30,5.90,Mb,250,,,0.92,NEI,1987030640
1987/03/06 09:39:54.70,-24.1490,-70.1180,45.60,5.70,Mb,265,,,1.03,NEI,1987030640
1987/03/10 00:22:35.95,-18.4480,-72.0350,41.20,5.70,Mb,225,,,1.17,NEI,1987031040
1987/03/10 02:18:09.62,-18.3410,-71.9760,36.90,5.50,Mb,145,,,1.08,NEI,1987031040
1987/03/22 03:23:57.63,-24.0580,-70.1420,40.20,5.80,Mb,232,,,1.06,NEI,1987032240
1987/04/01 01:48:08.52,-22.7670,-66.2050,248.70,6.70,Unk,361,,,1.13,NEI,1987040140
1987/04/07 00:51:36.66,-22.7820,-66.0740,205.20,5.50,Mb,191,,,0.81,NEI,1987040740
1987/05/12 16:12:37.59,-21.6940,-68.2220,77.90,5.50,Mb,161,,,0.91,NEI,1987051240
1987/05/19 12:56:25.29,-30.2840,-71.4840,36.40,5.60,Mb,180,,,1.42,NEI,1987051940
1987/06/19 19:00:05.12,-21.2130,-68.3620,86.40,5.60,Mb,191,,,1.10,NEI,1987061940
1987/07/25 16:15:19.24,-31.2560,-72.6860,24.30,5.60,Mb,136,,,1.02,NEI,1987072540
1987/08/04 15:04:40.08,-40.4690,-73.1890,38.10,5.90,Mb,145,,,1.04,NEI,1987080440
1987/08/08 15:48:56.75,-19.0220,-69.9910,69.70,6.90,Ms,379,,,1.11,NEI,1987080840
1987/08/13 15:23:06.93,-17.8970,-70.9310,36.50,6.10,Mb,310,,,1.19,NEI,1987081340
1987/08/15 18:04:23.12,-28.1350,-70.8840,37.40,6.00,Mb,310,,,1.17,NEI,1987081540
1987/08/19 07:52:44.24,-24.0880,-66.9320,152.50,5.50,Unk,188,,,0.92,NEI,1987081940
1987/09/01 04:26:07.46,-23.0520,-66.5290,199.00,6.30,Unk,348,,,1.00,NEI,1987090140
1987/09/13 20:08:51.69,-34.3330,-69.9710,10.00,5.80,Mb,195,,,1.25,NEI,1987091340
1987/09/18 08:43:29.39,-24.2690,-69.1480,96.90,5.50,Mb,198,,,1.07,NEI,1987091840
1987/10/03 03:35:10.69,-17.9500,-69.2470,148.50,5.90,Unk,297,,,1.05,NEI,1987100340
1987/10/07 00:51:36.65,-22.8450,-68.0300,106.20,5.60,Mb,234,,,0.91,NEI,1987100740
1987/11/18 12:46:44.80,-26.2850,-70.5060,40.80,5.70,Mb,139,,,1.04,NEI,1987111840
1987/12/03 11:04:38.67,-21.3800,-68.2150,117.40,5.50,Mb,186,,,0.79,NEI,1987120340
1987/12/28 08:16:21.37,-28.0550,-70.6150,51.80,6.10,Mb,303,,,0.91,NEI,1987122840
1987/12/30 11:56:19.23,-35.0530,-70.7970,89.90,5.70,Mb,119,,,1.13,NEI,1987123040
1988/01/19 07:30:31.86,-24.7100,-70.5680,33.00,6.70,Ms,296,,,1.31,NEI,1988011940
1988/02/05 14:01:02.75,-24.7530,-70.4330,36.90,6.20,Mb,313,,,1.12,NEI,1988020540
1988/02/05 18:49:31.85,-24.8930,-70.5540,30.70,6.00,Mb,259,,,1.01,NEI,1988020540
1988/02/06 18:03:54.78,-17.7560,-66.9580,285.20,6.20,Unk,345,,,1.07,NEI,1988020640
1988/02/08 15:57:00.23,-24.8010,-70.3930,32.00,5.60,Mb,134,,,1.14,NEI,1988020840
1988/02/18 13:52:36.09,-23.5130,-67.7060,142.30,5.70,Mb,278,,,1.04,NEI,1988021840
1988/02/22 19:13:17.74,-20.8330,-69.7850,70.30,5.90,Mb,310,,,1.09,NEI,1988022240
1988/03/09 21:33:53.79,-17.3270,-74.1540,32.30,6.00,Mb,292,,,1.04,NEI,1988030940
1988/03/30 23:50:56.94,-24.9260,-70.4610,40.90,5.80,Mb,207,,,1.07,NEI,1988033040
1988/04/12 23:19:55.57,-17.1920,-72.3050,33.10,6.10,Mb,353,,,1.15,NEI,1988041240
1988/04/13 00:39:31.17,-17.2560,-72.5180,16.10,5.90,Mb,219,,,1.25,NEI,1988041340
1988/05/20 03:19:54.19,-17.4730,-69.4700,124.80,5.50,Mb,245,,,0.99,NEI,1988052040
1988/05/21 14:28:39.79,-32.8330,-71.7040,42.10,5.50,Mb,121,,,1.20,NEI,1988052140
1988/05/23 00:28:04.81,-28.4390,-68.6340,117.10,5.60,Mb,184,,,0.93,NEI,1988052340
1988/05/30 21:22:12.52,-31.5150,-69.0610,93.90,5.80,Mb,138,,,1.00,NEI,1988053040
1988/07/04 13:54:14.22,-17.6360,-71.7180,19.80,5.80,Mb,258,,,0.94,NEI,1988070440
1988/07/28 17:12:33.33,-22.0620,-65.7160,279.30,5.90,Unk,337,,,0.87,NEI,1988072840
1988/08/14 17:53:09.75,-27.2600,-71.0920,32.50,5.70,Mb,308,,,1.05,NEI,1988081440
1988/08/17 11:34:52.25,-27.0010,-70.9480,38.50,5.50,Mb,198,,,1.00,NEI,1988081740
1988/09/14 22:14:07.54,-23.4240,-67.9970,122.60,5.70,Mb,231,,,1.10,NEI,1988091440
1988/12/24 04:26:54.56,-23.5220,-66.6660,193.60,5.70,Mb,310,,,1.04,NEI,1988122440
1989/01/07 07:26:11.46,-23.2580,-68.4100,121.60,5.50,Mb,124,,,1.16,NEI,1989010740
1989/04/01 21:58:14.19,-32.7970,-69.9470,109.70,5.50,Mb,112,,,0.98,NEI,1989040140
1989/04/05 23:47:49.39,-20.8570,-69.0280,112.00,5.70,Mb,199,,,1.08,NEI,1989040540
1989/04/08 00:24:32.54,-32.0120,-71.5450,72.40,5.50,Mb,62,,,1.01,NEI,1989040840
1989/04/13 00:43:11.28,-39.5330,-75.0020,33.00,5.80,Mb,190,,,1.03,NEI,1989041340
1989/04/20 15:02:16.52,-45.7120,-75.5600,10.00,5.50,Mb,56,,,1.57,NEI,1989042040
1989/05/19 11:50:54.38,-24.8390,-70.0190,52.30,5.50,Mb,155,,,1.03,NEI,1989051940
1989/05/29 22:22:30.72,-23.8970,-70.3370,32.00,5.50,Mb,213,,,1.07,NEI,1989052940
1989/06/17 18:28:08.62,-40.4940,-74.6740,33.00,5.60,Mb,117,,,1.15,NEI,1989061740
1989/06/19 16:00:47.94,-22.1130,-67.5590,188.50,5.50,Mb,246,,,1.09,NEI,1989061940
1989/11/01 06:40:30.33,-20.9950,-67.9540,139.50,5.90,Mb,355,,,0.94,NEI,1989110140
1989/11/14 06:07:53.38,-27.4280,-71.0520,33.00,5.50,Mb,110,,,1.08,NEI,1989111440
1990/02/25 22:51:09.19,-18.0420,-69.1350,141.40,5.50,Mb,247,,,1.13,NEI,1990022540
1990/04/02 13:56:34.83,-32.6720,-72.0860,40.80,5.60,Mb,113,,,1.11,NEI,1990040240
1990/04/04 05:47:10.51,-16.1790,-72.9740,93.40,5.50,Mb,147,,,1.29,NEI,1990040440
1990/04/21 18:54:52.46,-36.9850,-73.3030,11.90,6.00,Mb,182,,,1.06,NEI,1990042140
1990/05/14 21:34:04.20,-35.9250,-71.4150,75.90,5.80,Mb,294,,,1.06,NEI,1990051440
1990/05/17 11:03:24.75,-18.0800,-69.6260,105.90,5.80,Unk,298,,,1.08,NEI,1990051740
1990/06/08 13:49:22.93,-17.5730,-71.8240,26.80,5.60,Mb,221,,,1.10,NEI,1990060840
1990/07/16 14:51:35.70,-32.4600,-69.9580,102.00,5.70,Mb,238,,,1.18,NEI,1990071640
1990/08/02 05:24:08.55,-31.6200,-71.6950,35.80,5.50,Mb,212,,,1.01,NEI,1990080240
1990/09/04 23:15:11.35,-31.2620,-69.0630,112.10,5.80,Unk,169,,,1.04,NEI,1990090440
1990/09/07 16:09:19.62,-24.2600,-66.9570,161.40,5.50,Mb,151,,,1.10,NEI,1990090740
1990/10/10 01:00:05.50,-19.5030,-66.6180,266.00,6.40,Unk,370,,,1.16,NEI,1990101040
1990/10/31 14:39:27.22,-26.6340,-70.4810,59.90,5.50,Mb,126,,,1.05,NEI,1990103140
1991/03/08 12:05:24.68,-24.5410,-69.9010,55.80,5.50,Mb,117,,,0.98,NEI,1991030840
1991/03/15 18:51:00.28,-29.1320,-68.6840,113.80,5.50,Mb,168,,,0.99,NEI,1991031540
1991/05/24 20:50:55.84,-16.5060,-70.7010,127.70,6.30,Mb,526,,,1.01,NEI,1991052440
1991/06/03 05:05:14.80,-40.0220,-74.8010,10.00,5.70,Mb,162,,,1.05,NEI,1991060340
1991/08/15 06:50:35.73,-45.5580,-72.2330,10.00,5.50,Mb,74,,,1.35,NEI,1991081540
1991/12/15 18:56:05.61,-17.5210,-70.4220,103.80,5.70,Unk,295,,,1.09,NEI,1991121540
1992/02/28 09:14:09.12,-24.3690,-69.9240,58.40,5.70,Mb,223,,,1.04,NEI,1992022840
1992/04/03 06:07:38.82,-28.9290,-69.6120,109.70,5.50,Mb,169,,,1.04,NEI,1992040340
1992/04/16 18:33:05.38,-20.0040,-68.4790,122.40,5.80,Unk,239,,,0.98,NEI,1992041640
1992/05/18 03:02:21.50,-33.5940,-72.0180,29.50,5.80,Ms,192,,,1.17,NEI,1992051840
1992/06/21 10:52:42.41,-26.5030,-70.6590,39.30,5.70,Mb,229,,,0.99,NEI,1992062140
1992/07/30 23:00:41.77,-31.4810,-67.3860,5.00,5.50,Mb,53,,,1.38,NEI,1992073040
1992/10/01 08:18:51.77,-39.0350,-74.9110,28.40,5.60,Mb,127,,,0.99,NEI,1992100140
1992/10/29 14:39:17.41,-29.2250,-71.2220,45.90,5.50,Mb,142,,,1.14,NEI,1992102940
1992/11/01 09:36:42.54,-28.9070,-69.5440,109.90,5.60,Mb,239,,,1.06,NEI,1992110140
1992/11/04 21:32:33.99,-31.5650,-71.5650,18.80,5.90,Ms,302,,,1.00,NEI,1992110440
1992/11/17 04:24:16.46,-30.5880,-71.1720,54.10,5.70,Mb,268,,,1.00,NEI,1992111740
1992/11/28 03:13:33.36,-31.3300,-71.9920,11.70,6.50,Ms,337,,,0.96,NEI,1992112840
1993/02/24 22:21:37.83,-24.9310,-68.3860,118.70,5.90,Unk,307,,,0.90,NEI,1993022440
1993/03/15 16:08:57.88,-26.7080,-70.9180,28.90,6.20,Ms,399,,,1.12,NEI,1993031540
1993/03/17 04:35:58.12,-37.6910,-74.9390,9.20,5.80,Mb,200,,,1.20,NEI,1993031740
1993/03/19 01:48:05.19,-26.7420,-70.9660,29.30,5.60,Mb,206,,,1.21,NEI,1993031940
1993/03/30 05:23:57.95,-22.0890,-67.3250,184.30,5.80,Unk,221,,,0.97,NEI,1993033040
1993/05/24 23:51:20.83,-23.2380,-66.6310,221.00,6.20,Mb,565,,,1.01,NEI,1993052440
1993/05/24 23:51:28.24,-22.6710,-66.5430,221.00,7.00,Unk,37,,,0.84,NEI,1993052440
1993/06/08 23:17:41.44,-31.5600,-69.2340,112.70,6.50,Mb,558,,,0.94,NEI,1993060840
1993/07/11 13:36:21.24,-25.3040,-70.1660,47.50,6.20,Mb,459,,,1.21,NEI,1993071140
1993/07/17 01:35:39.70,-30.0000,-71.5910,51.90,5.50,Mb,265,,,1.09,NEI,1993071740
1993/10/19 04:02:21.90,-22.3780,-65.9710,272.00,6.00,Unk,416,,,1.10,NEI,1993101940
1993/10/30 17:59:02.77,-31.7040,-68.2320,107.30,6.30,Unk,293,,,1.02,NEI,1993103040
1993/11/14 01:59:20.24,-22.5720,-68.5710,112.20,5.80,Mb,252,,,1.01,NEI,1993111440
1993/12/04 23:16:52.44,-33.8380,-71.9130,50.00,5.50,Mb,104,,,1.00,NEI,1993120440
1994/04/16 09:55:20.57,-31.5700,-71.2470,35.50,5.50,Mb,199,,,0.98,NEI,1994041640
1994/04/28 16:44:54.40,-39.3120,-74.7560,26.90,5.70,Mb,172,,,0.97,NEI,1994042840
1994/05/10 01:49:03.45,-19.6130,-69.7920,52.10,5.90,Unk,348,,,1.02,NEI,1994051040
1994/05/22 02:57:15.45,-24.2320,-66.8520,192.20,5.50,Unk,214,,,0.94,NEI,1994052240
1994/08/14 10:58:19.78,-29.8080,-71.5940,42.40,5.50,Mb,165,,,0.97,NEI,1994081440
1994/09/12 06:29:54.94,-31.1030,-71.7060,40.00,5.90,Mb,332,,,0.97,NEI,1994091240
1994/09/17 12:22:14.84,-32.1860,-71.6800,27.90,5.70,Mb,178,,,0.96,NEI,1994091740
1994/09/22 14:24:33.95,-32.2400,-71.8360,26.90,5.60,Mb,135,,,0.94,NEI,1994092240
1994/10/11 01:37:20.37,-32.1000,-71.4470,47.10,5.70,Mb,250,,,0.90,NEI,1994101140
1994/10/20 01:15:16.18,-39.1870,-70.8110,161.80,6.00,Unk,279,,,1.04,NEI,1994102040
1994/12/07 03:37:54.83,-23.4220,-66.6390,235.00,6.00,Unk,351,,,1.25,NEI,1994120740
1994/12/10 03:39:31.75,-23.5340,-70.5910,36.60,5.80,Mb,261,,,1.32,NEI,1994121040
1994/12/12 07:41:55.41,-17.4770,-69.5980,148.20,6.30,Unk,449,,,1.26,NEI,1994121240
1995/02/10 20:26:58.12,-19.9420,-68.7610,118.20,5.60,Unk,223,,,1.09,NEI,1995021040
1995/02/14 15:53:55.71,-23.3660,-67.6880,147.40,6.00,Unk,302,,,1.02,NEI,1995021440
1995/05/28 19:59:12.83,-28.9780,-71.2170,42.00,5.70,Mb,226,,,1.07,NEI,1995052840
1995/06/02 19:07:22.47,-31.7730,-71.2960,69.80,5.60,Unk,153,,,0.85,NEI,1995060240
1995/06/09 05:35:50.04,-21.5090,-67.9800,131.90,5.50,Unk,184,,,1.01,NEI,1995060940
1995/07/30 05:11:23.63,-23.3400,-70.2940,45.60,7.30,Ms,489,,,1.11,NEI,1995073040
1995/07/30 05:25:06.05,-23.2300,-70.6760,33.00,5.80,Mb,135,,,1.13,NEI,1995073040
1995/07/30 05:47:02.24,-23.2530,-70.3180,33.00,5.90,Mb,202,,,1.02,NEI,1995073040
1995/07/30 10:35:39.29,-24.3590,-70.7150,10.70,5.80,Mb,307,,,0.96,NEI,1995073040
1995/07/30 21:05:47.72,-23.3470,-70.6090,13.90,5.70,Ms,305,,,1.11,NEI,1995073041
1995/08/02 00:14:09.44,-23.2300,-70.6770,33.00,6.00,Mw,198,,,1.34,NEI,1995080240
1995/08/02 11:05:38.97,-23.1190,-70.4050,33.00,5.80,Mw,122,,,1.34,NEI,1995080240
1995/08/02 16:27:32.68,-23.4320,-70.5710,33.00,5.80,Mw,110,,,1.30,NEI,1995080240
1995/08/03 01:57:19.90,-23.0620,-70.5880,16.80,6.40,Mw,281,,,1.17,NEI,1995080340
1995/08/03 08:18:53.92,-28.2810,-69.2390,104.40,5.80,Me,357,,,0.96,NEI,1995080340
1995/08/03 14:19:04.67,-22.9540,-70.4030,33.00,5.70,Mw,99,,,1.25,NEI,1995080340
1995/08/09 08:23:01.11,-23.0970,-70.1510,35.00,5.50,Mw,177,,,1.02,NEI,1995080940
1995/09/09 20:58:40.46,-20.1350,-69.3230,75.00,5.90,Mw,288,,,0.96,NEI,1995090940
1995/09/17 07:25:26.91,-35.5610,-74.1670,7.70,5.60,Mw,258,,,0.86,NEI,1995091740
1995/09/19 03:31:53.91,-21.1940,-68.6720,112.20,5.60,Mw,252,,,1.02,NEI,1995091940
1995/10/03 16:08:17.85,-30.7150,-71.9370,37.40,5.70,Mw,223,,,1.05,NEI,1995100340
1995/10/12 22:57:09.99,-23.0100,-70.4660,32.20,5.60,Mw,142,,,1.17,NEI,1995101240
1995/10/16 16:36:19.45,-23.2580,-70.4710,27.60,5.70,Mw,224,,,1.04,NEI,1995101640
1995/10/31 01:55:57.43,-28.9390,-71.3900,33.00,5.80,Mw,143,,,1.13,NEI,1995103140
1995/11/01 00:35:32.70,-28.9060,-71.4170,19.90,6.70,Me,521,,,1.11,NEI,1995110140
1995/11/21 18:17:04.73,-33.2340,-71.9470,41.90,5.70,Mw,118,,,1.07,NEI,1995112140
1995/11/30 13:15:35.49,-27.7500,-70.9330,19.70,5.80,Mw,201,,,0.95,NEI,1995113040
1996/02/19 07:10:06.48,-42.1320,-75.2830,7.60,6.00,Me,287,,,1.10,NEI,1996021940
1996/02/22 13:40:53.47,-33.6720,-71.6710,43.30,6.00,Mw,335,,,1.05,NEI,1996022240
1996/04/19 00:19:31.19,-23.9440,-70.0930,49.50,6.60,Me,295,,,1.00,NEI,1996041910
1996/07/03 16:48:27.57,-23.3760,-70.4050,33.00,5.90,Mw,107,,,1.20,NEI,1996070310
1996/09/09 00:20:39.12,-31.9000,-71.5600,39.00,6.00,Mw,352,,,0.93,NEI,1996090910
1996/09/21 02:53:18.61,-18.9990,-67.5310,224.30,5.70,Mw,165,,,1.07,NEI,1996092110
1996/10/25 19:59:41.12,-17.3780,-69.9890,116.20,5.70,Mw,273,,,1.17,NEI,1996102520
1996/12/18 10:12:27.48,-25.1200,-70.6830,32.50,5.50,Me,148,,,1.07,NEI,1996121810
1997/01/23 02:15:22.97,-21.9990,-65.7190,276.20,7.10,Me,322,,,0.94,NEI,1997012310
1997/03/09 11:43:43.26,-29.8150,-71.1470,33.00,6.20,Me,157,,,1.04,NEI,1997030910
1997/03/10 03:53:00.33,-29.6810,-71.1440,33.00,5.60,Mw,110,,,0.97,NEI,1997031010
1997/03/25 00:14:44.64,-33.4800,-70.5480,84.00,5.50,Mw,173,,,0.91,NEI,1997032510
1997/04/01 18:33:32.20,-18.2980,-69.5260,113.80,6.20,Mw,358,,,0.97,NEI,1997040120
1997/04/01 18:42:14.06,-18.3510,-69.3470,115.60,6.20,Mw,337,,,1.04,NEI,1997040120
1997/04/20 19:53:15.57,-34.0400,-69.9840,104.60,5.60,Mw,125,,,0.94,NEI,1997042020
1997/05/17 02:10:18.93,-27.1620,-69.4990,106.30,5.50,Mw,290,,,0.85,NEI,1997051710
1997/05/25 18:57:30.08,-22.8890,-70.5460,36.20,5.50,Mw,94,,,0.84,NEI,1997052510
1997/07/06 09:54:00.76,-30.0580,-71.8720,19.00,6.80,Me,189,,,1.19,NEI,1997070610
1997/07/06 23:15:20.49,-30.1640,-71.8630,33.00,5.80,Mw,119,,,1.00,NEI,1997070610
1997/07/10 14:55:49.44,-22.7330,-70.8940,33.00,5.90,Mw,74,,,1.12,NEI,1997071010
1997/07/19 12:22:57.31,-29.2810,-71.6840,26.40,5.90,Me,263,,,0.90,NEI,1997071910
1997/07/20 10:14:22.80,-22.9820,-66.3010,256.10,6.10,Me,358,,,0.94,NEI,1997072010
1997/07/21 17:54:17.11,-29.9740,-71.7810,33.00,5.50,Mw,79,,,1.05,NEI,1997072110
1997/07/21 23:19:39.35,-30.3280,-71.9170,33.00,6.00,Mw,107,,,1.10,NEI,1997072110
1997/07/24 19:54:39.63,-30.5780,-72.0210,33.00,5.70,Mw,92,,,1.05,NEI,1997072410
1997/07/25 06:47:02.67,-30.4620,-71.9060,33.00,6.20,Mw,145,,,1.17,NEI,1997072510
1997/07/25 07:33:29.01,-30.5540,-72.0160,33.00,6.10,Mw,88,,,1.31,NEI,1997072510
1997/07/25 07:34:30.76,-30.4940,-71.9500,33.00,5.50,Ms,30,,,1.33,NEI,1997072510
1997/07/27 05:21:29.27,-30.5170,-71.8620,33.00,6.30,Mw,136,,,1.24,NEI,1997072710
1997/08/06 22:50:12.18,-30.6740,-71.8900,33.00,5.60,Mw,66,,,1.06,NEI,1997080610
1997/08/18 12:24:26.20,-29.9310,-72.0060,33.00,5.70,Mw,97,,,1.14,NEI,1997081810
1997/09/28 23:13:13.94,-22.4070,-68.4490,106.80,5.60,Mw,291,,,0.86,NEI,1997092810
1997/10/15 01:03:33.46,-30.9330,-71.2200,58.00,7.10,Mw,429,,,1.05,NEI,1997101510
1997/10/15 02:54:20.85,-16.1190,-73.5870,56.20,5.70,Mb,246,,,0.89,NEI,1997101510
1997/10/15 04:28:47.08,-30.8090,-71.2510,47.90,5.50,Mb,148,,,0.93,NEI,1997101510
1997/11/03 19:17:33.81,-30.7440,-71.2240,45.00,6.20,Mw,295,,,0.95,NEI,1997110310
1997/11/03 20:12:52.04,-30.7720,-71.3350,44.90,5.60,Mb,139,,,0.94,NEI,1997110310
1997/12/09 14:23:45.27,-20.2360,-68.3650,132.50,5.70,Mw,188,,,0.99,NEI,1997120910
1998/01/12 04:12:06.17,-24.9540,-70.0080,53.20,5.60,Mw,98,,,1.19,NEI,1998011210
1998/01/12 10:14:07.63,-30.9850,-71.4100,34.80,6.60,Me,230,,,1.03,NEI,1998011210
1998/01/30 12:16:08.69,-23.9130,-70.2070,42.00,7.10,Me,385,,,1.11,NEI,1998013010
1998/02/06 06:37:13.74,-22.6680,-70.1320,57.60,5.50,Mw,133,,,1.11,NEI,1998020610
1998/04/01 22:42:56.90,-40.3160,-74.8740,9.00,6.70,Mw,315,,,1.08,NEI,1998040110
1998/04/10 10:03:20.17,-21.2090,-69.6370,62.90,5.50,Mw,97,,,1.13,NEI,1998041010
1998/05/22 04:48:50.44,-17.7310,-65.4310,24.00,6.60,Me,226,,,1.36,NEI,1998052210
1998/06/03 21:34:48.94,-23.8870,-69.8750,47.70,5.50,Mw,113,,,1.11,NEI,1998060310
1998/06/07 16:10:46.25,-31.5180,-67.8330,113.20,5.90,Me,322,,,0.92,NEI,1998060710
1998/07/18 09:57:13.95,-28.3070,-70.8410,46.90,5.50,Mw,197,,,0.88,NEI,1998071810
1998/07/29 07:14:24.08,-32.3120,-71.2860,51.10,6.40,Mw,359,,,0.91,NEI,1998072910
1998/08/30 07:52:25.32,-23.9340,-66.9060,219.50,5.70,Mw,179,,,1.20,NEI,1998083010
1998/09/03 17:37:58.24,-29.4500,-71.7150,27.00,6.60,Me,384,,,0.89,NEI,1998090310
1998/09/12 09:03:48.34,-24.5120,-67.1190,187.20,5.60,Mw,179,,,1.32,NEI,1998091210
1998/10/08 04:51:42.89,-16.1190,-71.4040,136.20,6.10,Mb,461,,,0.92,NEI,1998100810
1998/10/10 04:12:08.74,-33.5180,-72.0780,33.00,5.70,Mw,185,,,0.97,NEI,1998101010
1998/11/23 09:30:19.10,-23.7160,-70.5120,33.00,5.60,Mw,73,,,1.05,NEI,1998112310
1998/11/27 10:27:02.88,-32.1400,-69.3280,126.70,5.50,Mw,124,,,1.07,NEI,1998112710
1998/12/14 16:25:24.98,-38.2140,-71.0330,138.40,6.00,Mw,188,,,0.96,NEI,1998121420
1999/02/17 21:58:54.54,-21.1430,-70.0400,33.00,5.60,Mw,164,,,0.88,NEI,1999021710
1999/03/02 17:45:55.19,-22.7170,-68.5030,110.80,5.90,Me,343,,,0.97,NEI,1999030210
1999/03/05 00:33:46.99,-20.4230,-68.9010,110.90,5.80,Mw,181,,,1.06,NEI,1999030510
1999/03/05 03:35:14.71,-34.6730,-69.6000,10.00,6.00,Mw,103,,,1.03,NEI,1999030510
1999/03/27 11:13:34.12,-40.0450,-71.7470,33.00,5.50,Mw,85,,,0.99,NEI,1999032710
1999/04/03 06:17:18.36,-16.6600,-72.6620,87.20,6.80,Me,422,,,0.85,NEI,1999040340
1999/04/30 19:28:48.93,-31.6460,-71.6810,52.40,5.60,Mw,103,,,1.06,NEI,1999043040
1999/05/25 16:42:05.35,-27.9310,-66.9340,169.30,5.80,Mw,203,,,0.99,NEI,1999052540
1999/07/09 01:20:56.99,-24.9670,-70.5040,40.50,5.60,Mw,259,,,0.93,NEI,1999070940
1999/08/02 01:06:37.79,-33.0230,-70.1530,95.40,5.50,Mw,142,,,0.95,NEI,1999080240
1999/08/22 09:35:39.47,-40.5090,-74.7560,33.00,6.40,Me,303,,,1.05,NEI,1999082240
1999/09/15 03:01:24.34,-20.9340,-67.2750,218.00,6.40,Me,481,,,0.98,NEI,1999091540
1999/09/29 18:01:31.83,-30.7380,-71.9930,33.00,6.00,Mw,201,,,0.83,NEI,1999092940
1999/11/21 03:51:14.45,-21.7500,-68.7800,101.20,6.00,Mw,327,,,0.98,NEI,1999112120
1999/11/30 04:01:53.22,-18.9010,-69.1710,128.10,6.60,Mw,442,,,0.93,NEI,1999113020
1999/12/04 17:06:51.07,-28.5000,-71.2210,34.30,5.70,Mw,176,,,0.97,NEI,1999120440
2000/01/08 11:59:21.84,-23.1690,-70.1220,36.00,6.40,Me,265,,,1.14,NEI,2000010840
2000/05/12 18:43:18.12,-23.5480,-66.4520,225.00,7.20,Me,232,,,0.86,NEI,2000051240
2000/06/14 03:19:18.14,-24.0320,-66.7470,196.50,5.90,Mw,255,,,0.99,NEI,2000061440
2000/06/16 07:55:35.39,-33.8770,-70.0880,120.20,6.40,Mw,364,,,0.96,NEI,2000061640
2000/08/03 19:22:11.25,-17.6840,-71.9680,33.00,5.80,Me,159,,,1.21,NEI,2000080341
2000/08/23 16:15:31.72,-22.6330,-68.2760,118.20,5.50,Mw,175,,,0.84,NEI,2000082340
2000/11/29 10:25:13.26,-24.8690,-70.8860,58.20,6.30,Me,212,,,1.15,NEI,2000112940
2000/12/20 11:23:54.10,-39.0080,-74.6620,11.00,6.50,Me,253,,,1.05,NEI,2000122040
2001/01/07 10:18:20.23,-33.4430,-72.2330,10.00,5.90,Mw,167,,,1.16,NEI,2001010740
2001/02/22 07:55:51.54,-27.8210,-71.4550,29.60,5.60,Mw,106,,,1.06,NEI,2001022240
2001/03/03 11:58:13.35,-38.7660,-74.5550,33.00,5.90,Mw,188,,,1.12,NEI,2001030340
2001/03/15 13:02:42.11,-32.3210,-71.4920,37.00,6.00,Mw,297,,,0.90,NEI,2001031540
2001/03/16 04:36:08.73,-20.4140,-68.7430,115.00,5.80,Mw,177,,,1.06,NEI,2001031640
2001/04/09 09:00:57.17,-32.6680,-73.1090,11.00,6.70,Mw,314,,,1.14,NEI,2001040940
2001/04/17 01:42:11.09,-20.7770,-70.4760,33.00,5.60,Mw,152,,,0.97,NEI,2001041740
2001/04/21 18:15:46.83,-29.1030,-67.5200,127.80,5.80,Mw,239,,,1.12,NEI,2001042140
2001/05/15 23:53:18.38,-28.0600,-66.5530,176.50,5.60,Mw,222,,,1.02,NEI,2001051540
2001/06/18 19:56:56.33,-24.2910,-69.1730,88.80,5.80,Mw,258,,,0.95,NEI,2001061840
2001/06/19 09:32:24.71,-22.7390,-67.8770,146.60,6.00,Mw,243,,,0.94,NEI,2001061940
2001/06/23 20:33:14.13,-16.2650,-73.6410,33.00,8.40,Mw,518,,,1.05,NEI,2001062340
2001/06/23 20:56:07.21,-17.4000,-72.1660,33.00,5.80,Mb,117,,,0.99,NEI,2001062340
2001/06/23 21:05:39.17,-17.8400,-71.3480,33.00,5.80,Mb,90,,,1.04,NEI,2001062340
2001/06/23 21:27:35.71,-17.1810,-72.6410,33.00,6.10,Mb,229,,,0.92,NEI,2001062340
2001/06/23 22:24:39.52,-16.6450,-73.6060,33.00,5.70,Mb,202,,,0.88,NEI,2001062340
2001/06/23 22:32:37.28,-17.6020,-72.6460,33.00,5.50,Mb,165,,,1.02,NEI,2001062340
2001/06/23 23:10:00.99,-16.7670,-73.6320,33.00,5.90,Mb,263,,,1.20,NEI,2001062340
2001/06/23 23:49:13.88,-17.8490,-71.5790,33.00,5.60,Mb,187,,,0.87,NEI,2001062341
2001/06/24 01:22:53.46,-17.5850,-71.9580,33.00,5.50,Ms,241,,,0.99,NEI,2001062440
2001/06/25 06:38:47.87,-16.8500,-73.7880,33.00,5.70,Mw,104,,,1.19,NEI,2001062540
2001/06/25 22:14:10.04,-17.5740,-70.6850,73.70,5.50,Mw,243,,,0.91,NEI,2001062540
2001/06/26 04:18:31.38,-17.7450,-71.6490,24.00,6.70,Mw,422,,,1.06,NEI,2001062640
2001/06/27 00:21:06.90,-17.8870,-71.5290,33.00,5.50,Mw,216,,,0.96,NEI,2001062740
2001/06/29 18:35:51.98,-19.5220,-66.2540,273.90,6.10,Mw,386,,,0.80,NEI,2001062940
2001/07/03 12:57:42.64,-16.6230,-73.9710,33.00,5.60,Mw,227,,,0.91,NEI,2001070340
2001/07/04 12:09:03.84,-17.0030,-65.7110,33.00,6.20,Mw,230,,,1.00,NEI,2001070440
2001/07/05 13:53:48.36,-16.0860,-73.9870,62.00,6.60,Mw,324,,,1.38,NEI,2001070540
2001/07/07 09:38:43.52,-17.5430,-72.0770,33.00,7.60,Mw,398,,,1.15,NEI,2001070740
2001/07/24 05:00:09.09,-19.4480,-69.2550,33.00,6.40,Mw,300,,,1.26,NEI,2001072440
2001/08/09 03:33:44.98,-18.1660,-69.4280,112.60,5.60,Mw,347,,,0.96,NEI,2001080940
2001/08/28 06:56:09.18,-21.7220,-70.1080,65.60,5.90,Mw,289,,,1.02,NEI,2001082840
2001/10/12 00:39:55.18,-24.1710,-66.8310,201.20,5.50,Mw,204,,,1.08,NEI,2001101240
2002/01/14 15:36:26.49,-19.3840,-69.2310,33.00,5.80,Mw,196,,,1.14,NEI,2002011440
2002/02/26 08:32:48.93,-18.2970,-69.7070,91.70,5.60,Mw,198,,,0.91,NEI,2002022640
2002/03/18 03:09:56.94,-20.3910,-69.0030,92.40,5.50,Mw,242,,,1.00,NEI,2002031840
2002/03/28 04:56:22.40,-21.6630,-68.3290,125.10,6.50,Mw,486,,,0.98,NEI,2002032840
2002/04/18 16:08:36.78,-27.5350,-70.5860,62.00,6.70,Mw,462,,,1.09,NEI,2002041840
2002/05/23 15:52:15.28,-30.7490,-71.1970,52.10,6.00,Mw,234,,,0.95,NEI,2002052340
2002/05/24 00:23:15.93,-31.9710,-70.9470,60.20,5.70,Mw,166,,,0.81,NEI,2002052440
2002/05/28 04:04:22.53,-28.9370,-66.7970,22.20,6.00,Mw,354,,,0.98,NEI,2002052840
2002/06/18 13:56:22.83,-30.8050,-71.1240,54.00,6.60,Mw,420,,,1.02,NEI,2002061840
2002/07/02 20:21:00.22,-31.1490,-67.7600,27.00,5.50,Mw,180,,,0.98,NEI,2002070240
2002/09/24 03:57:22.28,-31.5190,-69.2000,119.60,6.30,Mw,407,,,0.94,NEI,2002092440
2002/11/09 06:05:58.30,-48.1450,-75.5060,33.00,5.60,Mw,63,,,0.99,NEI,2002110940
2003/01/07 00:54:51.56,-33.7650,-70.0540,110.80,5.70,Mw,257,,,0.87,NEI,2003010740
2003/02/20 20:07:04.85,-18.4420,-70.9940,33.00,5.60,Mw,163,,,1.13,NEI,2003022040
2003/05/18 21:10:21.72,-31.3960,-69.0940,114.10,5.50,Mw,250,,,0.82,NEI,2003051840
2003/05/27 08:29:45.64,-31.3650,-68.5960,118.00,5.70,Mw,267,,,0.94,NEI,2003052740
2003/06/02 02:52:11.88,-32.9500,-71.9690,33.00,5.50,Mw,190,,,0.84,NEI,2003060240
2003/06/03 23:58:02.74,-17.3600,-72.8070,33.00,6.00,Mw,303,,,1.04,NEI,2003060341
2003/06/19 23:04:59.99,-30.6910,-71.5370,51.40,5.60,Mw,98,,,0.97,NEI,2003061940
2003/06/20 13:30:41.64,-30.6080,-71.6370,33.00,6.80,Mw,398,,,0.95,NEI,2003062040
2003/07/26 14:10:16.08,-28.1970,-70.9370,36.00,5.50,Mw,214,,,0.92,NEI,2003072640
2003/07/27 11:41:27.05,-20.1340,-65.1850,345.30,6.00,Mw,504,,,1.01,NEI,2003072740
2003/08/26 21:11:35.70,-17.1600,-70.6740,31.60,5.70,Mw,422,,,0.87,NEI,2003082640
2003/09/12 16:48:44.41,-51.6230,-75.5930,33.00,5.60,Mw,25,,,0.88,NEI,2003091240
2003/09/17 21:34:47.17,-21.4670,-68.3250,127.10,5.80,Mw,443,,,0.82,NEI,2003091741
2003/11/12 01:54:24.31,-40.0220,-74.8680,29.60,5.60,Mw,131,,,0.97,NEI,2003111240
2003/11/25 04:43:36.86,-23.3670,-67.5470,160.30,5.60,Mw,330,,,1.04,NEI,2003112540
2003/12/10 12:25:51.54,-27.9610,-71.3220,33.00,5.80,Mw,162,,,0.97,NEI,2003121040
2004/01/10 07:25:44.06,-30.8830,-71.6560,55.10,5.70,Mw,199,,,0.74,NEI,2004011040
2004/01/23 05:00:30.60,-23.0460,-69.8910,71.50,5.90,Mw,221,,,0.90,NEI,2004012340
2004/01/27 16:00:37.78,-17.8400,-71.0700,56.90,5.80,Mw,233,,,0.97,NEI,2004012740
2004/03/17 03:21:07.91,-21.1180,-65.5860,289.80,6.10,Mw,439,,,0.94,NEI,2004031740
2004/03/17 16:49:45.56,-32.0100,-66.6990,31.70,5.50,Mw,193,,,0.81,NEI,2004031740
2004/03/31 03:23:23.31,-25.1840,-67.5450,129.50,5.50,Mw,143,,,0.85,NEI,2004033140
2004/04/03 09:57:13.13,-29.9870,-71.9850,34.50,5.50,Mw,202,,,0.72,NEI,2004040340
2004/05/03 04:36:50.04,-37.6950,-73.4060,21.00,6.60,Mw,282,,,1.31,NEI,2004050340
2004/05/30 16:43:57.65,-17.2430,-70.5460,108.90,5.50,Mw,328,,,0.84,NEI,2004053040
2004/06/15 11:16:31.50,-38.8540,-73.1550,37.80,6.10,Mw,215,,,0.93,NEI,2004061540
2004/06/17 01:16:01.38,-21.2460,-68.3720,115.40,5.70,Mw,257,,,0.71,NEI,2004061740
2004/08/27 00:43:54.54,-27.4200,-70.8050,30.00,5.90,Mw,238,,,0.85,NEI,2004082740
2004/08/28 13:41:25.60,-35.1730,-70.5250,5.00,6.50,Mw,349,,,0.00,GUC,2004082840
2004/09/07 11:53:06.11,-28.5730,-65.8400,22.30,6.40,Mw,360,,,0.80,NEI,2004090740
2004/09/07 12:33:56.24,-34.0060,-72.1860,16.50,5.70,Mw,156,,,0.87,NEI,2004090740
2004/09/27 22:58:24.60,-32.6880,-71.7430,32.90,5.50,Mw,224,,,0.00,GUC,2004092740
2004/12/08 06:03:55.59,-30.8400,-71.2230,44.00,5.80,Mw,264,,,0.90,NEI,2004120840
2004/12/18 17:57:23.12,-16.2000,-73.9250,27.80,5.80,Mw,196,,,0.95,NEI,2004121840
2005/04/16 22:41:16.04,-17.6470,-69.6630,118.70,5.80,Mw,393,,,0.95,NEI,2005041640
2005/06/02 10:56:01.65,-24.2210,-67.0030,196.20,6.10,Mw,432,,,0.88,NEI,2005060240
2005/06/13 22:44:33.90,-19.9870,-69.1970,115.60,7.80,Mw,714,,,1.01,NEI,2005061340
2005/06/21 05:11:18.22,-19.9850,-68.8070,105.00,5.50,Mw,264,,,0.95,NEI,2005062140
2005/07/13 12:06:13.34,-17.8470,-70.1090,79.90,5.90,Mw,372,,,0.79,NEI,2005071340
2005/08/14 02:39:40.37,-19.7800,-68.9800,113.80,5.80,Mw,287,,,0.82,NEI,2005081440
2005/09/09 11:26:06.64,-31.6800,-69.1360,112.60,5.80,Mb,359,,,0.83,NEI,2005090940
2005/10/17 19:23:02.21,-17.7750,-69.4860,123.00,5.70,Mw,404,,,0.85,NEI,2005101741
2005/10/23 04:49:16.14,-21.7980,-68.4220,117.00,5.50,Mw,243,,,0.89,NEI,2005102340
2005/11/17 19:26:54.49,-22.3610,-67.8950,147.00,6.80,Mw,509,,,0.90,NEI,2005111740
2005/11/28 16:33:21.84,-29.3100,-70.9580,48.60,5.50,Mw,170,,,0.92,NEI,2005112840
2006/01/04 13:01:33.19,-22.8550,-66.1720,242.80,5.50,Mw,138,,,0.99,NEI,2006010440
2006/04/09 20:50:46.02,-20.4500,-70.2440,34.60,5.80,Mw,347,,,0.91,NEI,2006040940
2006/04/15 23:50:14.72,-29.7720,-72.0030,19.80,6.00,Mw,166,,,1.06,NEI,2006041540
2006/04/19 17:49:04.60,-27.0730,-71.2250,13.90,5.60,Mw,118,,,0.00,GUC,2006041940
2006/04/30 19:17:14.98,-27.0170,-71.0220,12.00,6.70,Mw,277,,,1.19,NEI,2006043040
2006/04/30 20:12:19.00,-27.2770,-71.2350,19.80,5.70,Mw,119,,,0.00,GUC,2006043040
2006/04/30 21:25:20.80,-27.0820,-71.1100,33.60,5.80,Mw,159,,,0.00,GUC,2006043041
2006/04/30 21:32:55.00,-27.2230,-71.2170,35.00,5.90,Mw,149,,,0.00,GUC,2006043041
2006/04/30 21:40:58.44,-27.2110,-71.0560,12.00,6.50,Mw,282,,,1.26,NEI,2006043041
2006/04/30 23:04:41.00,-27.2270,-71.1960,37.30,5.80,Mw,175,,,0.00,GUC,2006043041
2006/05/11 13:48:59.86,-27.4710,-71.3000,32.10,5.50,Mw,91,,,1.17,NEI,2006051140
2006/05/25 20:48:05.41,-18.1410,-71.1610,34.80,5.60,Mw,271,,,0.80,NEI,2006052540
2006/05/30 02:50:09.85,-45.7630,-75.5190,36.30,5.70,Mw,66,,,1.12,NEI,2006053040
2006/06/27 02:07:32.20,-22.7620,-68.6950,115.00,5.50,Mw,266,,,0.00,GUC,2006062740
2006/06/27 11:24:36.50,-21.2870,-68.5160,122.50,5.50,Mw,246,,,0.89,NEI,2006062740
2006/07/08 09:13:01.28,-28.5620,-67.3890,140.10,5.50,Mw,247,,,0.82,NEI,2006070840
2006/07/16 11:42:41.41,-28.7150,-72.5430,10.00,6.20,Mw,436,,,1.01,NEI,2006071640
2006/08/05 14:03:44.23,-33.1260,-68.7190,25.00,5.60,Mw,354,,,0.81,NEI,2006080540
2006/08/25 00:44:46.16,-24.4030,-67.0280,184.00,6.60,Mw,454,,,0.94,NEI,2006082540
2006/09/12 13:30:55.66,-28.9440,-68.8980,114.00,6.00,Mw,424,,,1.02,NEI,2006091240
2006/09/17 09:34:13.58,-31.7330,-67.1450,137.00,6.20,Mw,374,,,1.03,NEI,2006091740
2006/09/24 21:08:49.50,-32.2280,-67.6870,141.00,5.70,Mw,321,,,0.00,GUC,2006092440
2006/10/07 08:20:56.82,-24.0870,-68.9800,104.00,5.70,Mw,376,,,0.87,NEI,2006100740
2006/10/12 18:05:56.57,-31.2560,-71.3680,31.00,6.40,Mw,372,,,1.06,NEI,2006101240
2006/10/16 01:33:35.54,-30.2440,-71.3250,37.60,5.50,Mw,222,,,1.01,NEI,2006101640
2006/10/17 04:02:37.34,-21.0420,-68.2760,140.70,5.90,Mw,309,,,1.02,NEI,2006101740
2006/10/23 21:00:42.47,-21.8550,-65.5950,261.60,5.80,Mw,271,,,0.78,NEI,2006102340
2006/11/07 13:25:36.31,-21.7290,-68.2040,121.30,5.80,Mw,331,,,0.84,NEI,2006110740
2006/11/14 22:22:12.38,-23.2670,-68.3260,108.10,5.70,Mw,345,,,1.00,NEI,2006111440
2006/11/20 14:38:27.75,-17.6680,-70.2280,38.00,5.60,Mw,377,,,0.80,NEI,2006112040
2006/11/27 17:31:48.04,-16.0530,-71.8020,115.70,5.70,Mw,252,,,0.86,NEI,2006112740
2006/12/31 14:55:02.49,-37.9400,-71.1140,20.60,5.60,Mw,209,,,0.88,NEI,2006123140
2007/02/07 18:55:00.36,-17.7120,-71.0790,63.90,5.50,Mw,274,,,0.86,NEI,2007020740
2007/02/10 06:03:02.48,-42.9780,-71.5600,157.30,5.50,Mw,184,,,1.06,NEI,2007021040
2007/02/14 14:21:47.60,-19.5880,-69.8230,53.00,5.60,Mw,206,,,0.90,NEI,2007021440
2007/02/19 19:24:10.63,-23.0500,-70.4730,10.00,5.50,Mw,244,,,1.09,NEI,2007021940
2007/02/23 19:55:48.60,-45.3370,-72.3190,25.10,5.70,Mw,156,,,1.11,NEI,2007022340
2007/03/10 14:07:08.60,-23.2940,-69.7100,50.00,5.50,Mw,193,,,0.00,GUC,2007031040
2007/03/24 19:13:50.58,-19.7220,-70.1420,30.00,5.70,Mw,302,,,0.81,NEI,2007032440
2007/03/29 14:40:44.07,-31.5910,-71.8370,25.10,5.60,Mw,171,,,0.79,NEI,2007032940
2007/03/29 17:09:07.05,-31.6040,-71.7080,33.90,5.80,Mw,183,,,0.91,NEI,2007032940
2007/04/02 02:49:35.90,-45.3820,-73.0580,4.90,6.10,Mw,204,,,0.00,GUC,2007040240
2007/04/18 01:08:08.01,-24.0820,-66.6260,172.20,5.60,Mw,336,,,0.89,NEI,2007041840
2007/04/21 17:53:46.31,-45.2430,-72.6480,36.70,6.20,Mw,316,,,0.98,NEI,2007042140
2007/04/22 10:22:02.20,-32.3880,-71.4480,25.60,5.60,ML,215,,,0.00,GUC,2007042240
2007/05/01 03:52:21.05,-21.3270,-68.4120,120.50,5.50,Mw,278,,,0.92,NEI,2007050140
2007/05/25 17:47:31.26,-24.2220,-67.0270,180.50,5.90,Mw,391,,,0.98,NEI,2007052540
2007/06/14 10:41:59.10,-23.0270,-68.9150,105.40,5.50,Mw,211,,,0.99,NEI,2007061440
2007/06/28 19:25:21.37,-32.0040,-71.3400,68.80,5.70,Mw,252,,,0.75,NEI,2007062840
2007/07/21 15:34:52.60,-22.1510,-65.7770,289.50,6.40,Mw,434,,,0.86,NEI,2007072140
2007/08/29 16:18:10.75,-20.9480,-68.3600,134.20,5.50,Mw,256,,,0.84,NEI,2007082940
2007/10/25 08:35:17.58,-20.6020,-68.7540,100.00,5.60,Mw,222,,,1.02,NEI,2007102540
2007/11/14 15:40:50.53,-22.2470,-69.8900,40.00,7.70,Me,610,,,1.11,NEI,2007111440
2007/11/14 17:44:04.30,-23.2150,-70.5260,38.00,5.70,Mb,218,,,0.00,GUC,2007111440
2007/11/15 15:03:08.75,-22.8670,-70.4070,27.00,6.30,Mw,318,,,1.05,NEI,2007111540
2007/11/15 15:05:58.35,-22.9250,-70.2370,26.00,6.80,Mw,285,,,1.13,NEI,2007111540
2007/11/15 15:15:48.58,-22.7880,-70.1950,29.40,5.60,Mb,161,,,1.18,NEI,2007111540
2007/11/16 08:42:39.00,-22.8400,-70.6010,14.80,5.50,Mw,232,,,0.00,GUC,2007111640
2007/11/17 03:07:32.50,-23.0450,-70.2870,34.50,5.50,Mw,300,,,0.00,GUC,2007111740
2007/11/17 17:54:32.77,-23.0590,-70.5980,14.70,5.90,Mw,296,,,1.17,NEI,2007111740
2007/11/18 05:40:12.04,-22.6430,-66.3230,246.40,6.00,Mw,476,,,0.99,NEI,2007111840
2007/11/18 12:15:40.73,-23.1040,-70.5500,33.00,5.70,Mw,242,,,0.94,NEI,2007111840
2007/11/19 23:30:28.90,-22.7910,-70.7690,29.90,5.90,Mw,332,,,0.00,GUC,2007111940
2007/11/20 17:55:51.53,-22.9170,-70.4830,15.00,6.10,Me,360,,,1.30,NEI,2007112040
2007/11/21 12:55:05.60,-24.8100,-68.4720,115.40,5.80,Mw,320,,,0.96,NEI,2007112140
2007/11/24 05:02:06.80,-23.7700,-69.0120,92.10,5.60,Mw,332,,,0.00,GUC,2007112440
2007/12/13 05:20:21.85,-23.1570,-70.4790,15.00,6.00,Mw,225,,,1.10,NEI,2007121340
2007/12/13 07:23:39.89,-23.2020,-70.5490,16.00,6.20,Mw,272,,,1.11,NEI,2007121340
2007/12/15 18:22:27.16,-32.6890,-71.6950,25.00,5.90,Mw,251,,,0.98,NEI,2007121540
2007/12/16 08:09:17.93,-22.9540,-70.1820,45.00,6.70,Mw,481,,,1.11,NEI,2007121640
2007/12/20 03:06:56.20,-32.7130,-71.7880,30.10,5.50,Mw,202,,,0.00,GUC,2007122040
2007/12/25 16:20:52.56,-19.4450,-69.0480,112.60,5.80,Mw,331,,,0.99,NEI,2007122540
2007/12/26 23:40:53.10,-22.4500,-68.6270,106.60,5.50,Mw,248,,,0.00,GUC,2007122640
2008/01/05 07:29:33.50,-22.8200,-68.4840,103.00,5.70,Mw,338,,,0.96,NEI,2008010540
2008/02/04 17:01:29.98,-20.1660,-70.0370,35.00,6.30,Mw,375,,,0.87,NEI,2008020440
2008/02/16 14:45:11.69,-21.3460,-68.3850,130.10,6.10,Mw,428,,,0.96,NEI,2008021640
2008/03/01 19:51:59.31,-20.2560,-69.9410,36.60,5.70,Mw,374,,,0.90,NEI,2008030141
2008/03/10 09:43:01.52,-28.3370,-69.2940,89.50,5.60,Mw,292,,,0.85,NEI,2008031040
2008/03/24 20:39:07.63,-20.0430,-68.9630,120.00,6.20,Mw,404,,,0.90,NEI,2008032441
2008/07/08 09:13:07.46,-15.9860,-71.7480,123.00,6.20,Mw,467,,,0.91,NEI,2008070840
2008/09/10 16:12:04.05,-20.2620,-69.2240,37.70,5.70,Mw,306,,,0.88,NEI,2008091040
2008/10/12 20:55:41.46,-20.1230,-64.9710,352.70,6.20,Mw,566,,,0.84,NEI,2008101241
2008/12/04 16:47:09.56,-21.3890,-68.2880,115.30,5.50,Mw,254,,,0.99,NEI,2008120440
2008/12/18 21:19:28.38,-32.4580,-71.7260,18.00,6.20,Mw,346,,,0.90,NEI,2008121840
2008/12/18 21:50:28.00,-32.4730,-72.0510,25.00,6.00,Mw,304,,,0.00,GUC,2008121840
2008/12/19 09:36:04.90,-32.4580,-71.9490,32.20,5.70,Mw,261,,,0.00,GUC,2008121940
2009/01/31 16:29:36.86,-19.4100,-69.0650,102.30,5.50,Mw,239,,,0.88,NEI,2009013140
2009/04/03 17:54:50.35,-27.8420,-66.5930,174.20,5.70,Mw,301,,,1.08,NEI,2009040340
2009/04/17 02:08:08.71,-19.5840,-70.4830,25.00,6.10,Mw,369,,,0.86,NEI,2009041740
2009/07/14 18:38:08.50,-21.8220,-67.0870,175.60,5.70,Mw,251,,,0.87,NEI,2009071440
2009/08/12 18:00:52.69,-27.8930,-66.6720,173.50,5.50,Mw,247,,,0.95,NEI,2009081240
2009/10/10 15:26:19.76,-24.9410,-70.6840,20.20,5.60,Mw,134,,,1.24,NEI,2009101040
2009/11/13 03:05:57.22,-19.3940,-70.3210,27.00,6.50,Mw,390,,,0.83,NEI,2009111340
2009/11/14 19:44:29.93,-22.9650,-66.6410,220.40,6.20,Mw,427,,,1.23,NEI,2009111440
2009/11/22 22:07:48.22,-39.6340,-74.9670,7.00,5.90,Mw,325,,,0.90,NEI,2009112240
2010/01/28 08:04:14.25,-23.3570,-66.7120,208.40,5.90,Mw,419,,,0.93,NEI,2010012840
2010/02/07 17:09:47.34,-23.2250,-66.5640,238.90,5.60,Mw,173,,,1.32,NEI,2010020740
2010/02/12 12:03:38.83,-33.6220,-68.7890,148.40,5.80,Mw,340,,,0.99,NEI,2010021240
2010/02/27 06:34:11.53,-36.1220,-72.8980,22.90,8.80,Mw,454,,,1.09,NEI,2010022740
2010/02/27 06:47:23.59,-33.6550,-72.0330,35.00,5.60,Mb,13,,,1.23,NEI,2010022740
2010/02/27 06:51:17.65,-31.6630,-69.1410,39.80,6.00,Mb,118,,,0.69,NEI,2010022740
2010/02/27 06:52:34.02,-34.8670,-72.6140,35.00,6.20,Mb,150,,,0.98,NEI,2010022740
2010/02/27 06:56:26.19,-34.3500,-72.1970,34.80,5.60,Mb,27,,,0.97,NEI,2010022740
2010/02/27 07:05:05.70,-33.9120,-72.1070,35.00,5.80,Mb,116,,,0.90,NEI,2010022740
2010/02/27 07:12:28.45,-33.8780,-71.9430,35.00,6.00,Mb,291,,,1.02,NEI,2010022740
2010/02/27 07:23:15.97,-36.9240,-73.5940,35.00,5.60,Mb,61,,,1.27,NEI,2010022740
2010/02/27 07:33:30.72,-38.0320,-73.3930,35.00,5.60,Mb,174,,,0.86,NEI,2010022740
2010/02/27 07:34:30.94,-33.8210,-72.1320,35.00,5.50,Mb,105,,,0.79,NEI,2010022740
2010/02/27 07:37:17.96,-36.8690,-72.6730,35.00,6.00,Mb,319,,,0.86,NEI,2010022740
2010/02/27 07:40:46.80,-35.1330,-72.1760,32.70,5.50,Mb,84,,,1.07,NEI,2010022740
2010/02/27 08:01:23.01,-37.7730,-75.0480,35.00,7.40,Mw,409,,,1.06,NEI,2010022740
2010/02/27 08:13:14.50,-33.3040,-71.5790,35.00,5.60,Mb,134,,,1.18,NEI,2010022740
2010/02/27 08:25:29.62,-34.7490,-72.4270,35.00,6.10,Mb,337,,,0.80,NEI,2010022740
2010/02/27 08:31:03.96,-34.8720,-72.4330,35.00,5.70,Mb,230,,,0.87,NEI,2010022740
2010/02/27 08:31:58.90,-33.0270,-72.4390,35.00,5.50,Mb,25,,,1.15,NEI,2010022740
2010/02/27 08:48:05.54,-38.4950,-75.3260,35.00,5.60,Mb,148,,,0.94,NEI,2010022740
2010/02/27 09:00:16.66,-33.4430,-71.5250,35.00,5.60,Mb,141,,,1.33,NEI,2010022740
2010/02/27 09:59:20.38,-38.1600,-73.6520,35.00,5.80,Mb,178,,,0.81,NEI,2010022741
2010/02/27 10:10:14.73,-33.7170,-72.1630,35.00,5.60,Mb,153,,,0.77,NEI,2010022741
2010/02/27 10:30:36.40,-33.2810,-71.9550,35.00,6.10,ML,213,,,0.00,GUC,2010022741
2010/02/27 10:38:35.02,-38.1910,-73.6940,35.00,5.90,Mb,161,,,0.80,NEI,2010022741
2010/02/27 12:03:27.57,-34.3730,-73.9650,35.00,5.50,Mb,86,,,1.07,NEI,2010022741
2010/02/27 15:44:50.74,-36.1290,-73.2570,35.00,5.50,Mb,38,,,0.95,NEI,2010022742
2010/02/27 15:45:37.00,-24.8720,-65.6020,10.00,6.30,Mw,376,,,0.00,SJA,2010022742
2010/02/27 16:27:56.83,-37.7800,-73.3480,35.00,5.50,Mb,170,,,1.10,NEI,2010022742
2010/02/27 17:11:49.00,-33.9900,-71.8050,35.00,5.50,Mb,272,,,0.76,NEI,2010022742
2010/02/27 17:24:30.59,-36.3540,-73.2080,19.00,6.10,Mw,243,,,1.09,NEI,2010022742
2010/02/27 17:43:37.22,-36.5210,-73.0510,38.40,5.50,Mb,246,,,0.88,NEI,2010022742
2010/02/27 18:15:22.81,-37.5160,-73.5500,24.70,5.60,Mb,249,,,1.24,NEI,2010022742
2010/02/27 18:23:11.44,-37.5810,-73.6990,35.00,5.70,Ms,178,,,1.11,NEI,2010022742
2010/02/27 19:00:06.86,-33.4220,-71.8280,31.10,6.20,Mw,384,,,1.01,NEI,2010022742
2010/02/27 23:02:02.22,-37.6950,-72.8320,45.20,5.90,Mw,311,,,0.93,NEI,2010022743
2010/02/27 23:12:34.91,-34.7000,-71.8270,35.00,6.00,Mb,310,,,0.71,NEI,2010022743
2010/02/28 01:08:23.17,-34.1630,-71.9520,31.90,5.90,Mw,317,,,0.77,NEI,2010022840
2010/02/28 11:25:35.92,-34.9030,-71.6170,46.00,6.20,Mw,516,,,0.88,NEI,2010022841
2010/02/28 19:48:35.39,-38.0990,-73.6800,18.00,5.90,Mw,171,,,0.80,NEI,2010022842
2010/03/01 02:44:42.22,-35.0390,-72.4870,22.90,5.70,Mw,404,,,0.83,NEI,2010030140
2010/03/02 04:28:45.41,-36.6750,-73.3010,35.00,5.50,Mw,92,,,1.05,NEI,2010030240
2010/03/02 19:12:56.39,-34.2670,-72.1710,40.50,5.60,Mw,137,,,1.27,NEI,2010030241
2010/03/03 17:44:25.04,-36.6100,-73.3600,20.00,6.10,Mw,232,,,1.04,NEI,2010030340
2010/03/03 19:58:29.99,-33.4120,-71.8680,38.80,5.80,Mw,207,,,1.05,NEI,2010030340
2010/03/04 01:59:48.67,-33.2160,-72.1250,24.20,6.00,Mw,302,,,0.86,NEI,2010030440
2010/03/04 22:39:26.53,-22.2270,-68.3280,114.00,6.30,Mw,498,,,0.93,NEI,2010030440
2010/03/05 09:19:36.38,-36.6310,-73.2230,29.90,6.10,Mw,315,,,0.78,NEI,2010030540
2010/03/05 11:47:06.82,-36.6650,-73.3740,18.00,6.60,Mw,255,,,0.93,NEI,2010030540
2010/03/06 01:23:18.80,-37.0570,-73.5210,10.00,5.50,ML,175,,,0.00,GUC,2010030640
2010/03/07 15:59:44.60,-37.9900,-73.3000,26.80,5.90,Mw,225,,,0.84,NEI,2010030740
2010/03/08 17:03:16.83,-25.7120,-66.6170,10.00,5.80,Mw,251,,,1.03,NEI,2010030840
2010/03/10 12:20:58.92,-33.5620,-72.2980,35.00,5.60,Mw,187,,,0.75,NEI,2010031040
2010/03/11 14:39:43.95,-34.2900,-71.8910,11.00,6.90,Mw,415,,,0.85,NEI,2010031140
2010/03/11 14:55:27.51,-34.3260,-71.7990,18.00,7.00,Mw,403,,,1.02,NEI,2010031140
2010/03/11 14:58:15.13,-34.6140,-71.9900,35.00,5.60,Mb,29,,,0.98,NEI,2010031140
2010/03/11 15:06:02.13,-34.4700,-72.0040,31.50,6.00,Mb,316,,,1.04,NEI,2010031140
2010/03/11 20:11:20.40,-34.3810,-71.9790,8.00,5.60,Mw,262,,,0.00,GUC,2010031140
2010/03/12 16:50:01.70,-34.2330,-71.9170,7.00,5.80,Mw,335,,,0.93,NEI,2010031240
2010/03/13 10:34:43.36,-37.5510,-73.4650,35.00,5.80,Mw,168,,,0.87,NEI,2010031340
2010/03/14 13:52:22.69,-38.5020,-73.6530,23.20,5.50,Mw,165,,,0.85,NEI,2010031440
2010/03/14 20:04:54.54,-38.5260,-73.5340,13.00,5.60,Mw,219,,,0.91,NEI,2010031440
2010/03/15 11:08:28.96,-35.8020,-73.1580,14.00,6.20,Mw,238,,,1.01,NEI,2010031540
2010/03/16 02:21:57.94,-36.2170,-73.2570,18.00,6.70,Mw,312,,,0.93,NEI,2010031640
2010/03/16 03:04:39.99,-36.4050,-73.0740,42.30,5.90,Mw,233,,,1.02,NEI,2010031640
2010/03/19 08:54:44.00,-35.5410,-73.4750,14.40,5.50,Mw,264,,,0.00,GUC,2010031940
2010/03/21 18:31:04.10,-36.3440,-73.1640,36.20,5.50,Mw,250,,,0.91,NEI,2010032140
2010/03/26 14:52:07.23,-27.9530,-70.8210,42.00,6.30,Mw,387,,,0.90,NEI,2010032640
2010/03/28 21:38:28.00,-35.3870,-73.3850,29.90,6.00,Mw,259,,,0.00,GUC,2010032840
2010/03/28 21:43:13.55,-35.4060,-72.8970,21.50,5.60,Mw,214,,,1.12,NEI,2010032840
2010/04/02 22:58:07.56,-36.2270,-72.8780,24.00,6.00,Mw,353,,,0.81,NEI,2010040240
2010/04/05 22:36:57.23,-19.8600,-68.8420,94.20,5.80,Mw,367,,,0.91,NEI,2010040542
2010/04/09 22:23:02.98,-28.5590,-68.1240,117.70,5.80,Mw,364,,,0.76,NEI,2010040940
2010/04/10 15:06:34.07,-25.6800,-70.6670,49.50,5.50,Mw,256,,,1.23,NEI,2010041040
2010/04/16 22:41:33.88,-37.4600,-73.7320,6.00,5.70,Mw,123,,,0.85,NEI,2010041640
2010/04/16 23:15:36.44,-37.4200,-73.6690,24.00,5.70,Mw,202,,,0.88,NEI,2010041640
2010/04/18 01:49:38.50,-37.1590,-73.7530,29.90,5.60,Mw,147,,,0.96,NEI,2010041840
2010/04/23 10:03:06.18,-37.5290,-72.9690,32.00,6.00,Mw,237,,,0.86,NEI,2010042340
2010/05/02 14:52:40.03,-34.2280,-71.8770,13.00,5.90,Mw,292,,,0.79,NEI,2010050240
2010/05/03 23:09:44.79,-38.0720,-73.4540,19.00,6.30,Mw,262,,,1.07,NEI,2010050340
2010/05/06 02:42:47.94,-18.0580,-70.5470,37.00,6.20,Mw,455,,,0.73,NEI,2010050640
2010/06/01 16:05:29.58,-36.8190,-73.5050,14.60,5.60,Mw,62,,,1.10,NEI,2010060140
2010/06/28 00:59:47.00,-37.9100,-75.0380,28.20,5.60,Mw,300,,,0.00,GUC,2010062840
2010/06/29 01:40:00.59,-37.8360,-73.2780,17.00,5.50,Mw,389,,,0.82,NEI,2010062940
2010/07/12 00:11:21.25,-22.1460,-68.2160,115.00,6.30,Mw,510,,,0.92,NEI,2010071240
2010/07/14 08:21:14.37,-38.0980,-73.4120,35.00,5.80,ML,164,,,0.68,NEI,2010071440
2010/07/14 08:32:21.49,-38.0670,-73.3100,22.00,6.60,Mw,295,,,0.86,NEI,2010071440
2010/07/14 15:05:50.40,-38.2240,-73.2300,35.00,5.80,Mw,192,,,1.11,NEI,2010071440
2010/07/17 06:07:43.55,-24.7150,-69.8170,55.00,5.50,Mw,363,,,0.88,NEI,2010071740
2010/07/26 17:31:31.26,-24.0530,-66.8250,193.20,5.60,Mw,336,,,0.92,NEI,2010072640
2010/08/05 06:01:47.44,-37.4430,-73.2810,18.00,5.90,Mw,231,,,0.90,NEI,2010080540
2010/09/09 07:28:01.72,-37.0340,-73.4120,16.00,6.20,Mw,265,,,1.15,NEI,2010090940
2010/09/30 00:26:10.00,-36.2490,-74.2560,20.20,5.80,Mw,268,,,0.00,GUC,2010093040
2010/10/21 02:49:55.57,-34.7370,-73.7260,8.00,5.90,Mw,360,,,0.94,NEI,2010102140
2010/10/22 19:31:37.56,-20.8780,-68.3720,132.20,5.80,Mw,335,,,1.04,NEI,2010102240
2010/10/23 01:38:14.00,-29.5930,-71.1120,44.00,5.60,Mw,271,,,0.00,GUC,2010102340
2010/10/23 05:58:27.73,-37.7430,-73.3620,15.00,5.50,Mw,319,,,0.86,NEI,2010102340
2010/11/25 04:54:46.00,-25.0600,-69.7930,28.70,5.50,ML,115,,,0.00,GUC,2010112540
2011/01/02 20:20:17.78,-38.3550,-73.3260,24.00,7.20,Mw,397,,,1.10,NEI,2011010240
2011/01/10 06:02:51.95,-35.5940,-73.0640,24.40,5.90,Mw,241,,,0.89,NEI,2011011040
2011/02/05 16:11:39.68,-37.6210,-73.4480,28.90,5.70,Mw,199,,,1.23,NEI,2011020520
2011/02/11 20:05:30.79,-36.4740,-73.1250,27.60,6.80,Mw,366,,,1.21,NEI,2011021120
2011/02/11 23:39:21.31,-37.1960,-73.1980,15.00,6.00,Mw,229,,,1.20,NEI,2011021120
2011/02/12 01:17:01.41,-37.0270,-72.9540,16.00,6.10,Mw,224,,,1.39,NEI,2011021220
2011/02/13 08:51:34.00,-36.5650,-73.1780,20.70,5.90,Mw,228,,,1.06,NEI,2011021320
2011/02/13 10:35:06.74,-36.6490,-73.1760,17.00,6.00,Mw,308,,,1.03,NEI,2011021320
2011/02/13 13:44:36.45,-36.5570,-73.2750,18.90,5.60,Mw,250,,,1.02,NEI,2011021320
2011/02/14 03:40:09.92,-35.3800,-72.8340,21.00,6.60,Mw,358,,,0.97,NEI,2011021420
2011/02/28 01:29:25.00,-37.3600,-73.6950,31.50,5.80,Mw,283,,,0.00,GUC,2011022820
2011/03/06 12:31:59.78,-18.0210,-69.3620,118.00,6.30,Mw,590,,,0.88,NEI,2011030620
2011/03/16 22:36:16.00,-32.5640,-71.7260,32.70,5.50,Mb,269,,,0.00,GUC,2011031621
2011/04/02 10:59:37.49,-19.5760,-69.0650,84.40,5.90,Mw,362,,,0.87,NEI,2011040220
2011/04/22 05:12:48.00,-37.9050,-73.9030,19.20,5.60,Mw,267,,,0.00,GUC,2011042220
2011/06/01 12:55:22.38,-37.5780,-73.6910,21.00,6.30,Mw,276,,,1.17,NEI,2011060120
2011/06/05 10:25:15.00,-35.0000,-72.1870,32.40,5.50,Mb,428,,,0.00,GUC,2011060520
2011/06/08 03:06:22.65,-17.0830,-69.5180,145.70,5.90,Mw,438,,,1.23,NEI,2011060820
2011/06/20 16:36:01.16,-21.7010,-68.2280,128.00,6.50,Mw,481,,,0.88,NEI,2011062020
2011/06/29 05:36:46.00,-33.9060,-72.3410,19.70,5.50,Mw,300,,,0.00,GUC,2011062920
2011/07/16 00:26:12.64,-33.8190,-71.8320,20.00,6.10,Mw,334,,,0.84,NEI,2011071620
2011/07/23 02:56:51.35,-29.3350,-69.7050,103.40,5.50,Mw,418,,,0.78,NEI,2011072320
2011/07/28 19:50:20.06,-35.7700,-73.1160,35.00,5.70,Mw,296,,,0.83,NEI,2011072820
2011/08/06 13:22:34.00,-35.8840,-73.3340,31.90,5.50,ML,203,,,0.00,GUC,2011080620
2011/09/03 16:20:41.00,-38.4350,-74.9070,12.00,5.80,Mw,193,,,0.00,GUC,2011090320
2011/09/14 07:03:51.00,-32.6960,-71.7970,37.00,5.90,Mw,339,,,0.00,GUC,2011091420
2011/09/28 22:40:12.86,-37.9520,-73.8530,10.00,5.60,Mw,166,,,0.97,NEI,2011092820
2011/10/30 18:53:43.00,-25.7410,-70.9590,47.10,5.80,Mw,272,,,0.00,GUC,2011103020
2011/11/05 07:13:57.99,-23.4680,-70.1990,33.00,5.70,Mw,260,,,0.90,NEI,2011110520
2011/12/07 22:23:09.73,-27.8990,-70.9180,20.00,6.10,Mw,473,,,0.82,NEI,2011120720
2011/12/16 12:02:56.98,-45.8280,-76.0200,10.00,5.50,Mw,68,,,0.98,NEI,2011121620
2011/12/16 12:54:25.37,-45.7660,-76.0560,10.00,5.80,Mw,121,,,0.97,NEI,2011121620
2012/01/17 23:21:35.04,-31.6550,-71.4990,32.90,5.60,Mw,358,,,0.87,NEI,2012011720
2012/01/17 23:23:23.00,-31.7280,-71.6150,34.30,5.80,ML,73,,,0.00,GUC,2012011720
2012/01/23 16:04:52.98,-36.4090,-73.0300,20.00,6.20,Mw,388,,,0.78,NEI,2012012320
2012/02/11 02:58:17.00,-37.4560,-73.8840,20.20,5.70,Mw,388,,,0.00,GUC,2012021120
2012/02/26 08:08:52.95,-18.8110,-69.2900,108.50,5.50,ML,232,,,0.99,NEI,2012022620
2012/03/25 22:37:06.00,-35.2000,-72.2170,40.70,7.10,Mw,553,,,0.00,GUC,2012032520
2012/04/03 07:25:08.00,-19.6380,-69.0930,117.00,5.50,ML,206,,,0.00,GUC,2012040320
2012/04/17 03:50:15.61,-32.6250,-71.3650,29.00,6.70,Mw,518,,,0.96,NEI,2012041720
2012/04/30 07:39:45.56,-29.8680,-71.4600,37.00,5.60,Mw,446,,,0.75,NEI,2012043020
2012/05/14 10:00:40.23,-17.6780,-69.5910,105.90,6.20,Mw,681,,,0.88,NEI,2012051420
2012/05/19 08:35:10.70,-25.7290,-70.5620,28.00,5.90,Mw,508,,,0.85,NEI,2012051920
2012/06/07 04:05:04.52,-36.0740,-70.5700,8.00,6.00,Mw,461,,,0.98,NEI,2012060720
2012/08/07 00:39:02.00,-27.8010,-70.8030,67.60,5.60,ML,328,,,0.00,GUC,2012080720
2012/10/08 01:50:26.21,-21.7250,-68.1650,122.00,5.80,Mw,623,,,1.01,NEI,2012100810
2012/10/11 17:22:09.92,-32.8650,-70.3100,81.80,5.60,Mw,401,,,0.80,NEI,2012101110
2012/11/14 19:02:05.77,-29.1200,-71.2140,59.50,6.20,Mw,525,,,0.83,NEI,2012111410
2012/11/21 21:36:22.74,-33.9390,-71.8680,18.00,5.90,Mw,483,,,0.85,NEI,2012112110
2012/12/03 09:31:54.20,-28.7340,-70.1810,81.30,5.60,ML,202,,,1.03,NEI,2012120310
2012/12/16 22:46:11.56,-33.7620,-71.4320,54.90,5.90,Mw,19,,,0.86,NEI,2012121610